"","state","Obama","Romney","Pollster","middate"
"1","AL",36,51,"Capital Survey Research Center",2012-06-27
"2","AZ",46,53,"PPP (D)",2012-11-03
"3","AZ",44,52,"YouGov",2012-11-03
"4","AZ",44,52,"Rasmussen/CBS 5",2012-10-21
"5","AZ",43,52,"YouGov",2012-10-11
"6","AZ",42,40,"Behavior Research Center",2012-10-10
"7","AZ",44,53,"PPP (D)",2012-10-03
"8","AZ",42,46,"Moore Information (R-HighGround)",2012-09-26
"9","AZ",42,52,"Rasmussen",2012-09-25
"10","AZ",45,48,"Purple Strategies",2012-09-19
"11","AZ",41,51,"YouGov",2012-09-14
"12","AZ",44,53,"PPP (D-League of Conservation Voters)",2012-09-09
"13","AZ",41,52,"PPP (D-League of Conservation Voters)",2012-07-25
"14","AZ",41,54,"Rasmussen",2012-06-26
"15","AZ",46,49,"PPP (D)",2012-06-05
"16","AZ",43,50,"PPP (D)",2012-05-20
"17","AZ",43,52,"Magellan (R)",2012-05-02
"18","AZ",40,42,"ASU - Merrill/Morrison Institute",2012-04-20
"19","AZ",42,40,"Behavior Research Center",2012-04-17
"20","AZ",40,51,"Rasmussen",2012-03-13
"21","AZ",40,45,"NBC/Marist",2012-02-20
"22","AZ",47,47,"PPP (D)",2012-02-19
"23","AZ",37,43,"Behavior Research Center",2012-01-09
"24","AZ",42,49,"PPP (D)",2011-11-20
"25","AZ",45,40,"Behavior Research Center",2011-10-24
"26","AR",31,58,"U of Arkansas",2012-10-14
"27","AR",35,56,"Hendrix College ",2012-09-17
"28","AR",33,57,"Hendrix College ",2012-03-26
"29","CA",55,40,"YouGov",2012-11-03
"30","CA",54,39,"Field/UC Berkeley",2012-10-30
"31","CA",56,33,"CBRT/Pepperdine/M4",2012-10-28
"32","CA",55,39,"USC/LATimes",2012-10-21
"33","CA",53,41,"PPIC",2012-10-21
"34","CA",53,38,"Reason/Rupe",2012-10-15
"35","CA",58,39,"YouGov",2012-10-11
"36","CA",54,33,"CBRT/Pepperdine/M4",2012-10-10
"37","CA",53,39,"SurveyUSA",2012-10-09
"38","CA",58,34,"Field/UC Berkeley",2012-09-17
"39","CA",53,39,"PPIC",2012-09-16
"40","CA",56,39,"YouGov",2012-09-14
"41","CA",55,33,"CBRT/Pepperdine/M4",2012-09-12
"42","CA",57,35,"SurveyUSA",2012-09-11
"43","CA",56,33,"PACE/USC",2012-08-07
"44","CA",52,33,"CBRT/Pepperdine/M4",2012-07-17
"45","CA",55,37,"Field",2012-07-02
"46","CA",57,36,"SurveyUSA",2012-05-29
"47","CA",48,32,"Field",2012-05-29
"48","CA",56,37,"USC/LATimes",2012-05-21
"49","CA",50,39,"PPIC",2012-05-20
"50","CA",62,31,"SurveyUSA",2012-04-02
"51","CA",57,36,"USC/LATimes",2012-03-19
"52","CA",55,35,"Field",2012-02-18
"53","CA",57,35,"Rasmussen",2012-02-16
"54","CA",60,31,"SurveyUSA",2012-02-09
"55","CA",50,40,"Field",2011-11-27
"56","CA",57,36,"PPP (D)",2011-11-13
"57","CA",50,39,"SurveyUSA",2011-11-10
"58","CA",52,35,"USC/LATimes",2011-11-09
"59","CA",56,36,"PPP (D)",2011-01-30
"60","CO",48,47,"Ipsos/Reuters (Web)",2012-11-05
"61","CO",52,46,"PPP (D)",2012-11-04
"62","CO",50,46,"OnSight/Keating (D)",2012-11-04
"63","CO",45,44,"Lake Research (D)",2012-11-04
"64","CO",48,47,"YouGov",2012-11-03
"65","CO",46,46,"Ipsos/Reuters (Web)",2012-11-02
"66","CO",50,46,"PPP (D-LCV)",2012-11-01
"67","CO",47,45,"Denver Post/SurveyUSA",2012-10-31
"68","CO",50,48,"CNN",2012-10-31
"69","CO",50,47,"We Ask America",2012-10-30
"70","CO",47,50,"Rasmussen",2012-10-29
"71","CO",48,45,"Grove Insight (D-Project New America/USAction)",2012-10-29
"72","CO",47,48,"ARG",2012-10-28
"73","CO",51,47,"PPP (D)",2012-10-25
"74","CO",47,46,"Purple Strategies",2012-10-25
"75","CO",46,43,"Grove Insight (D-Project New America/USAction)",2012-10-24
"76","CO",48,45,"OnSight/Keating (D)",2012-10-24
"77","CO",48,48,"NBC/WSJ/Marist",2012-10-24
"78","CO",46,50,"Rasmussen",2012-10-21
"79","CO",50,47,"PPP (D)",2012-10-18
"80","CO",47,44,"Grove Insight (D-Project New America)",2012-10-16
"81","CO",47,48,"We Ask America",2012-10-15
"82","CO",48,46,"Gravis Marketing",2012-10-11
"83","CO",48,45,"YouGov",2012-10-11
"84","CO",45,46,"Denver Post/SurveyUSA",2012-10-10
"85","CO",47,48,"Quinnipiac/NYT/CBS",2012-10-09
"86","CO",46,50,"ARG",2012-10-08
"87","CO",49,48,"Rasmussen",2012-10-07
"88","CO",47,43,"Selzer/University of Denver",2012-10-05
"89","CO",46,49,"Gravis Marketing",2012-10-04
"90","CO",46,50,"McLaughlin (R-American Conservative Union)",2012-10-02
"91","CO",49,46,"We Ask America",2012-09-27
"92","CO",51,45,"PPP (D)",2012-09-23
"93","CO",50,46,"Gravis Marketing",2012-09-22
"94","CO",48,45,"Purple Strategies",2012-09-19
"95","CO",50,45,"NBC/WSJ/Marist",2012-09-18
"96","CO",45,47,"Rasmussen",2012-09-17
"97","CO",48,47,"Quinnipiac/NYT/CBS",2012-09-17
"98","CO",50,45,"YouGov",2012-09-14
"99","CO",49,47,"ARG",2012-09-12
"100","CO",45,44,"Denver Post/SurveyUSA",2012-09-12
"101","CO",49,44,"OnSight/Project New America/Keating (D)",2012-09-11
"102","CO",49,46,"PPP (D)",2012-09-02
"103","CO",48,44,"OnSight/Keating (D)",2012-08-22
"104","CO",49,46,"Purple Strategies",2012-08-14
"105","CO",45,46,"Gravis Marketing",2012-08-09
"106","CO",47,47,"Rasmussen",2012-08-06
"107","CO",45,50,"Quinnipiac/NYT/CBS",2012-08-06
"108","CO",49,43,"PPP (D)",2012-08-05
"109","CO",45,44,"Purple Strategies",2012-07-13
"110","CO",49,42,"Garin-Hart-Yang (D-Priorities USA)",2012-07-03
"111","CO",47,43,"We Ask America",2012-06-25
"112","CO",49,42,"PPP (D)",2012-06-17
"113","CO",45,45,"Rasmussen",2012-06-06
"114","CO",48,46,"Purple Strategies",2012-06-05
"115","CO",46,45,"NBC/Marist",2012-05-24
"116","CO",48,44,"Project New America",2012-05-24
"117","CO",47,47,"Purple Strategies",2012-04-23
"118","CO",53,40,"PPP (D)",2012-04-07
"119","CO",47,45,"PPP (D)",2011-12-04
"120","CT",54,39,"YouGov",2012-11-03
"121","CT",55,42,"PPP (D)",2012-11-02
"122","CT",55,41,"Quinnipiac",2012-10-22
"123","CT",52,45,"Rasmussen",2012-10-21
"124","CT",53,40,"SurveyUSA/WABC-TV",2012-10-21
"125","CT",49,42,"Mason-Dixon",2012-10-17
"126","CT",53,44,"PPP (D-LCV)",2012-10-16
"127","CT",51,37,"UConn/Hartford Courant",2012-10-16
"128","CT",53,38,"Siena",2012-10-14
"129","CT",53,39,"YouGov",2012-10-11
"130","CT",51,45,"Rasmussen",2012-10-07
"131","CT",54,42,"Quinnipiac",2012-10-02
"132","CT",54,41,"PPP (D)",2012-09-26
"133","CT",53,32,"UConn/Hartford Courant",2012-09-16
"134","CT",53,40,"YouGov",2012-09-14
"135","CT",52,45,"Quinnipiac",2012-08-26
"136","CT",53,40,"PPP (D-League of Conservation Voters)",2012-08-23
"137","CT",51,43,"Rasmussen",2012-08-21
"138","CT",51,43,"PPP (D)",2012-07-29
"139","CT",50,38,"Quinnipiac",2012-06-03
"140","CT",53,37,"Quinnipiac",2012-03-19
"141","FL",49,49,"Gravis Marketing",2012-11-05
"142","FL",47,48,"Ipsos/Reuters (Web)",2012-11-05
"143","FL",48,48,"JZ Analytics/Newsmax",2012-11-05
"144","FL",47,52,"InsiderAdvantage/Florida Times-Union",2012-11-04
"145","FL",50,49,"PPP (D)",2012-11-04
"146","FL",49,49,"Angus-Reid",2012-11-03
"147","FL",47,48,"YouGov",2012-11-03
"148","FL",48,46,"Ipsos/Reuters (Web)",2012-11-02
"149","FL",47,45,"Mellman (D-Americans United for Change)",2012-11-02
"150","FL",49,47,"NBC/WSJ/Marist",2012-11-01
"151","FL",45,51,"Mason-Dixon",2012-11-01
"152","FL",47,50,"Gravis Marketing",2012-10-30
"153","FL",49,50,"We Ask America",2012-10-30
"154","FL",48,47,"JZ Analytics/Newsmax",2012-10-30
"155","FL",48,50,"Pulse Opinion Research/Let Freedom Ring (R)",2012-10-29
"156","FL",48,47,"Grove Insight (D-Project New America/USAction)",2012-10-29
"157","FL",49,48,"PPP (D)",2012-10-28
"158","FL",49,50,"CNN",2012-10-28
"159","FL",48,47,"Quinnipiac/NYT/CBS",2012-10-28
"160","FL",47,47,"SurveyUSA",2012-10-27
"161","FL",49,47,"Mellman (D-Americans United for Change)",2012-10-27
"162","FL",48,50,"Rasmussen",2012-10-25
"163","FL",49,50,"Gravis Marketing",2012-10-24
"164","FL",47,45,"Grove Insight (D-Project New America/USAction)",2012-10-24
"165","FL",46,51,"Sunshine State News/VSS",2012-10-24
"167","FL",47,47,"Mellman (D-Americans United for Change)",2012-10-21
"168","FL",46,51,"Angus-Reid",2012-10-20
"169","FL",46,51,"Rasmussen",2012-10-18
"170","FL",48,45,"Grove Insight (D-Project New America)",2012-10-18
"171","FL",48,49,"CNN",2012-10-18
"172","FL",47,48,"PPP (D)/WPTV/FL Democracy/TCPalm",2012-10-18
"173","FL",45,48,"FOX",2012-10-18
"174","FL",47,46,"SurveyUSA",2012-10-18
"175","FL",48,42,"JZ Analytics/Newsmax",2012-10-18
"176","FL",48,49,"Gravis Marketing",2012-10-14
"177","FL",48,49,"PPP (D)",2012-10-14
"178","FL",47,51,"Rasmussen",2012-10-11
"179","FL",46,49,"ARG",2012-10-11
"180","FL",48,47,"YouGov",2012-10-11
"181","FL",44,51,"Mason-Dixon",2012-10-10
"182","FL",48,47,"NBC/WSJ/Marist",2012-10-09
"183","FL",49,45,"UNF",2012-10-09
"184","FL",47,49,"Rasmussen",2012-10-04
"185","FL",46,49,"We Ask America",2012-10-04
"186","FL",47,46,"NBC/WSJ/Marist",2012-10-01
"187","FL",49,48,"Gravis Marketing",2012-09-30
"188","FL",46,43,"Suffolk",2012-09-30
"189","FL",49,46,"InsiderAdvantage/Florida Times-Union",2012-09-24
"190","FL",53,44,"Quinnipiac/NYT/CBS",2012-09-24
"191","FL",50,46,"PPP (D)",2012-09-23
"192","FL",51,47,"Washington Post",2012-09-23
"193","FL",50,45,"ARG",2012-09-22
"194","FL",48,47,"Mason-Dixon",2012-09-19
"195","FL",47,48,"Purple Strategies",2012-09-19
"196","FL",49,46,"We Ask America",2012-09-18
"197","FL",49,44,"FOX",2012-09-18
"198","FL",47,48,"Gravis Marketing",2012-09-16
"199","FL",49,47,"YouGov",2012-09-14
"200","FL",48,46,"Rasmussen",2012-09-12
"201","FL",44,48,"Caddell/McLaughlin (R)/Secure America Now",2012-09-12
"202","FL",49,44,"NBC/WSJ/Marist",2012-09-11
"203","FL",42,42,"Consensus Communications (R)",2012-09-11
"204","FL",47,50,"McLaughlin (R)/AIF",2012-09-10
"205","FL",48,44,"SurveyUSA",2012-09-09
"206","FL",47,48,"Gravis Marketing",2012-09-02
"207","FL",48,47,"PPP (D)",2012-09-02
"208","FL",50,46,"CNN/Time/ORC",2012-08-26
"209","FL",49,46,"Quinnipiac/NYT/CBS",2012-08-21
"210","FL",45,48,"Gravis Marketing",2012-08-20
"212","FL",43,45,"Rasmussen",2012-08-15
"213","FL",47,48,"Purple Strategies",2012-08-14
"214","FL",51,45,"Quinnipiac/NYT/CBS",2012-07-30
"215","FL",48,47,"PPP (D)",2012-07-29
"216","FL",48,43,"SurveyUSA",2012-07-19
"217","FL",45,48,"Purple Strategies",2012-07-13
"218","FL",46,45,"Mason-Dixon",2012-07-11
"219","FL",45,46,"Rasmussen",2012-07-09
"220","FL",48,44,"Garin-Hart-Yang (D-Priorities USA)",2012-07-03
"221","FL",46,45,"We Ask America",2012-07-02
"222","FL",45,41,"Quinnipiac",2012-06-25
"223","FL",46,42,"Quinnipiac",2012-06-18
"224","FL",45,49,"Purple Strategies",2012-06-05
"225","FL",50,46,"PPP (D)",2012-06-03
"226","FL",41,47,"Quinnipiac",2012-05-21
"227","FL",48,44,"NBC/Marist",2012-05-20
"228","FL",46,45,"Suffolk",2012-05-08
"229","FL",43,44,"Quinnipiac",2012-05-01
"230","FL",45,46,"Rasmussen",2012-04-25
"231","FL",45,47,"Purple Strategies",2012-04-23
"232","FL",45,43,"FOX",2012-04-17
"233","FL",50,45,"PPP (D)",2012-04-15
"234","FL",49,42,"Quinnipiac",2012-03-26
"235","FL",46,43,"Rasmussen",2012-03-13
"236","FL",47,44,"Rasmussen",2012-02-09
"237","FL",49,41,"Marist College",2012-01-27
"238","FL",44,48,"Mason-Dixon",2012-01-26
"239","FL",42,47,"Suffolk",2012-01-24
"240","FL",45,45,"Quinnipiac",2012-01-23
"241","FL",46,45,"Tarrance (R-Walker)",2012-01-18
"242","FL",43,46,"Quinnipiac",2012-01-08
"243","FL",48,41,"Marist College",2011-12-07
"244","FL",42,45,"Quinnipiac",2011-12-05
"245","FL",45,44,"PPP (D)",2011-12-01
"246","FL",42,46,"Rasmussen",2011-11-17
"247","FL",42,45,"Quinnipiac",2011-11-07
"248","FL",45,43,"Marist College",2011-10-12
"249","FL",47,43,"PPP (D)",2011-06-19
"250","FL",42,43,"Suffolk",2011-04-12
"251","FL",43,48,"Mason-Dixon",2011-04-07
"252","FL",46,44,"PPP (D)",2011-03-27
"253","GA",44,52,"YouGov",2012-11-03
"254","GA",46,52,"20/20 Insight (D-Better Georgia)",2012-10-31
"255","GA",44,52,"SurveyUSA",2012-10-28
"256","GA",43,51,"Abt SRBI Inc/Atlanta Journal-Constitution",2012-10-11
"257","GA",44,52,"YouGov",2012-10-11
"258","GA",35,56,"InsiderAdvantage/Fox 5 Atlanta",2012-09-18
"259","GA",44,51,"YouGov",2012-09-14
"260","GA",46,49,"20/20 Insight (D-Better Georgia)",2012-08-18
"261","GA",40,52,"InsiderAdvantage",2012-05-22
"262","GA",40,51,"Landmark/Rosetta Stone",2012-05-10
"263","GA",42,49,"SurveyUSA",2012-02-26
"264","GA",43,51,"SurveyUSA",2012-02-02
"265","GA",38,55,"Mason-Dixon",2011-12-14
"266","GA",42,49,"SurveyUSA",2011-12-07
"267","HI",61,34,"Honolulu Civil Beat/Merriman",2012-10-26
"268","HI",62,30,"Honolulu Civil Beat/Merriman",2012-09-28
"269","HI",59,32,"DailyKos.com/PPP (D)",2011-10-16
"270","ID",27,63,"Mason-Dixon/Idaho Statesman",2012-10-10
"271","IL",57,38,"YouGov",2012-11-03
"272","IL",57,41,"We Ask America",2012-10-30
"273","IL",58,38,"YouGov",2012-10-11
"274","IL",55,36,"Chicago Tribune/WGN",2012-10-08
"275","IL",59,36,"YouGov",2012-09-14
"276","IL",47,34,"Southern Illinois U",2012-09-10
"277","IL",54,37,"We Ask America",2012-09-05
"278","IL",55,29,"Ipsos/Crain's Business Journal",2012-08-23
"279","IL",51,31,"Ipsos/Crain's Business Journal",2012-07-22
"280","IL",56,35,"Chicago Tribune",2012-02-06
"281","IN",44,51,"YouGov",2012-11-03
"282","IN",43,52,"Rasmussen",2012-11-01
"283","IN",41,54,"McLaughlin (R-Mourdock)",2012-11-01
"284","IN",39,57,"McLaughlin (R-Mourdock)",2012-10-30
"286","IN",41,55,"McLaughlin (R-Mourdock)",2012-10-25
"287","IN",41,54,"Rasmussen",2012-10-11
"288","IN",41,53,"YouGov",2012-10-11
"289","IN",40,52,"Howey-Depauw",2012-09-23
"290","IN",45,50,"YouGov",2012-09-14
"291","IN",41,47,"Global Strategy Group (D-Donnelly)",2012-09-12
"292","IN",35,51,"Rasmussen",2012-08-01
"293","IN",42,48,"Rasmussen",2012-05-24
"294","IN",40,49,"Howey-Depauw",2012-03-28
"295","IA",50,48,"PPP (D)",2012-11-04
"296","IA",48,49,"ARG",2012-11-04
"297","IA",48,47,"YouGov",2012-11-03
"298","IA",47,42,"Des Moines Register/Selzer",2012-11-02
"299","IA",49,45,"Gravis Marketing",2012-11-01
"300","IA",46,44,"Mellman (D-Americans United for Change)",2012-11-01
"301","IA",48,49,"Rasmussen",2012-10-30
"302","IA",49,47,"We Ask America",2012-10-30
"303","IA",50,45,"PPP (D-Health Care for America Now)",2012-10-30
"304","IA",50,44,"NBC/WSJ/Marist",2012-10-29
"305","IA",44,45,"U of Iowa",2012-10-27
"306","IA",50,46,"Gravis Marketing",2012-10-24
"307","IA",49,47,"PPP (D-Health Care for America Now)",2012-10-24
"308","IA",48,48,"Rasmussen",2012-10-21
"309","IA",49,48,"PPP (D-Health Care for America Now)",2012-10-19
"310","IA",48,49,"PPP (D)",2012-10-19
"311","IA",51,43,"NBC/WSJ/Marist",2012-10-17
"312","IA",49,46,"We Ask America",2012-10-15
"313","IA",48,48,"ARG",2012-10-14
"314","IA",50,46,"YouGov",2012-10-11
"315","IA",49,47,"Rasmussen",2012-10-07
"316","IA",48,44,"We Ask America",2012-09-27
"317","IA",51,44,"PPP (D)",2012-09-26
"318","IA",49,45,"Des Moines Register/Selzer",2012-09-26
"319","IA",46,47,"Voter/Consumer Research (R-The Iowa Republican)",2012-09-25
"320","IA",51,44,"ARG",2012-09-23
"321","IA",44,47,"Rasmussen",2012-09-19
"322","IA",50,42,"NBC/WSJ/Marist",2012-09-18
"323","IA",48,43,"YouGov",2012-09-14
"324","IA",47,45,"PPP (D)",2012-08-26
"325","IA",44,46,"Rasmussen",2012-08-08
"326","IA",48,43,"PPP (D)",2012-07-15
"327","IA",45,44,"We Ask America",2012-06-18
"328","IA",46,47,"Rasmussen",2012-06-11
"329","IA",44,44,"NBC/Marist",2012-05-24
"330","IA",51,41,"PPP (D)",2012-05-06
"331","IA",44,46,"Des Moines Register/Selzer",2012-02-15
"332","IA",42,43,"U of Iowa",2011-12-07
"333","IA",46,39,"Marist College",2011-11-29
"334","IA",46,42,"PPP (D)",2011-10-10
"335","IA",43,40,"Marist College",2011-10-05
"336","KS",39,48,"SurveyUSA",2011-11-21
"337","KS",31,56,"SurveyUSA",2011-11-10
"338","KY",39,53,"SurveyUSA/The Courier-Journal",2012-09-13
"339","KY",40,48,"PPP (D)",2011-08-28
"340","LA",36,59,"Magellan (R)",2012-10-04
"341","LA",37,50,"JZ Analytics",2012-09-30
"342","LA",39,45,"Southern Media/Opinion Research",2012-09-20
"343","ME",53,42,"MPRC",2012-11-03
"344","ME",55,42,"PPP (D)",2012-11-02
"345","ME",49,42,"Critical Insights",2012-10-31
"346","ME",48,44,"NMB (R-American Crossroads)",2012-10-08
"347","ME",51,37,"Pan Atlantic SMS Group",2012-09-28
"348","ME",52,40,"Rasmussen",2012-09-25
"349","ME",55,39,"PPP (D)",2012-09-18
"350","ME",54,37,"MPRC/Maine People's Alliance (D)",2012-09-17
"351","ME",52,36,"Critical Insights",2012-09-16
"352","ME",49,35,"Critical Insights",2012-06-25
"353","ME",48,34,"MassINC",2012-06-14
"354","ME",50,42,"Critical Insights",2012-05-07
"355","ME",55,37,"MPRC",2012-04-02
"356","ME",58,35,"PPP (D)",2012-03-04
"357","ME",49,38,"PPP (D)",2011-10-31
"358","ME",41,40,"Critical Insights",2011-10-23
"359","MD",59,37,"YouGov",2012-11-03
"360","MD",55,36,"Baltimore Sun/OpinionWorks",2012-10-23
"361","MD",60,36,"Washington Post",2012-10-15
"362","MD",58,37,"YouGov",2012-10-11
"363","MD",57,34,"Baltimore Sun/OpinionWorks",2012-09-27
"364","MD",55,36,"Gonzales Research",2012-09-23
"365","MD",57,37,"YouGov",2012-09-14
"366","MD",58,35,"PPP (D)/Marylanders for Marriage Equality",2012-05-21
"367","MA",57,37,"UMass Lowell/Herald",2012-11-03
"368","MA",57,37,"YouGov",2012-11-03
"369","MA",57,42,"PPP (D)",2012-11-02
"370","MA",58,40,"WNEU/MassLive.com",2012-11-01
"371","MA",63,31,"Suffolk",2012-10-28
"372","MA",52,38,"Boston Globe/UNH",2012-10-28
"373","MA",59,40,"Rasmussen",2012-10-25
"374","MA",56,36,"MassINC/WBUR",2012-10-22
"375","MA",55,39,"Kimball Political Consulting (R)",2012-10-21
"376","MA",57,39,"PPP (D-LCV)",2012-10-16
"377","MA",55,41,"PPP (D)",2012-10-11
"378","MA",55,36,"YouGov",2012-10-11
"379","MA",57,42,"Rasmussen",2012-10-10
"380","MA",55,34,"UMass Amherst/YouGov",2012-10-08
"381","MA",52,36,"MassINC/WBUR",2012-10-07
"382","MA",60,34,"Mass Insight/Opinion Dynamics",2012-09-30
"383","MA",57,30,"Boston Globe/UNH",2012-09-27
"384","MA",55,40,"Rasmussen",2012-09-24
"385","MA",60,36,"UMass Lowell/Herald",2012-09-17
"386","MA",57,39,"PPP (D)",2012-09-16
"387","MA",64,31,"Suffolk",2012-09-16
"388","MA",55,39,"YouGov",2012-09-14
"389","MA",60,38,"WNEU/MassLive.com",2012-09-13
"390","MA",56,40,"Kimball Political Consulting (R)",2012-09-09
"391","MA",52,41,"Kimball Political Consulting (R)",2012-08-21
"392","MA",55,39,"PPP (D)",2012-08-19
"393","MA",55,39,"PPP (D)",2012-06-24
"394","MA",56,34,"WNEU/MassLive.com",2012-05-31
"395","MA",46,34,"Boston Globe/UNH",2012-05-31
"396","MA",59,34,"Suffolk",2012-05-22
"397","MA",56,35,"Rasmussen",2012-05-07
"398","MA",51,40,"Rasmussen",2012-04-09
"399","MA",49,33,"Boston Globe/UNH",2012-03-27
"400","MA",58,35,"PPP (D)",2012-03-18
"401","MA",60,36,"WNEU",2012-03-01
"402","MA",55,38,"Rasmussen",2012-02-29
"403","MA",53,39,"Suffolk",2012-02-15
"404","MA",55,34,"MassINC",2012-02-09
"405","MA",53,35,"Mass Insight/Opinion Dynamics",2012-02-04
"406","MA",49,34,"YouGov/Polimetrix",2011-11-22
"407","MA",52,43,"PPP (D)",2010-12-01
"408","MI",51,46,"Mitchell Research",2012-11-04
"409","MI",52,47,"Angus-Reid",2012-11-03
"410","MI",52,46,"PPP (D)",2012-11-03
"411","MI",51,44,"YouGov",2012-11-03
"412","MI",46,47,"FMWB (D)",2012-11-02
"413","MI",52,47,"Rasmussen",2012-11-01
"414","MI",48,41,"Grove Insight (D-Project New America/USAction)",2012-11-01
"415","MI",52,46,"PPP (D-LCV)",2012-11-01
"416","MI",53,45,"PPP (D-Health Care for America Now)",2012-10-31
"417","MI",48,45,"Glengariff Group ",2012-10-29
"418","MI",48,42,"EPIC-MRA",2012-10-29
"419","MI",47,47,"FMWB (D)",2012-10-23
"420","MI",52,43,"Angus-Reid",2012-10-20
"421","MI",52,46,"EPIC-MRA",2012-10-17
"422","MI",52,45,"Rasmussen",2012-10-11
"423","MI",52,42,"YouGov",2012-10-11
"424","MI",44,41," Denno/ Lambert, Edwards & Associates",2012-10-10
"425","MI",49,42,"Glengariff Group ",2012-10-08
"426","MI",46,44,"Gravis Marketing",2012-10-08
"427","MI",48,45,"EPIC-MRA",2012-10-06
"428","MI",49,46,"FMWB (D)",2012-10-05
"429","MI",52,40,"We Ask America",2012-09-27
"430","MI",50,46,"Gravis Marketing",2012-09-22
"431","MI",54,42,"Rasmussen",2012-09-20
"432","MI",51,42,"PPP (D)/NRDC",2012-09-19
"433","MI",52,44,"CNN",2012-09-18
"434","MI",52,38,"Glengariff Group ",2012-09-17
"435","MI",48,42,"Marketing Resource Group (R)",2012-09-14
"436","MI",51,42,"YouGov",2012-09-14
"437","MI",45,44,"FMWB (D)",2012-09-12
"438","MI",47,37,"EPIC-MRA",2012-09-11
"439","MI",51,44,"PPP (D)",2012-09-02
"440","MI",49,46,"EPIC-MRA",2012-08-28
"441","MI",47,47,"Mitchell Research",2012-08-23
"442","MI",48,42,"Glengariff Group ",2012-08-20
"443","MI",44,48,"FMWB (D)",2012-08-16
"444","MI",49,44,"Mitchell Research",2012-08-13
"445","MI",48,42,"EPIC-MRA",2012-07-31
"446","MI",44,45,"Mitchell Research",2012-07-23
"447","MI",48,42,"Rasmussen",2012-07-23
"448","MI",53,39,"PPP (D)",2012-07-23
"449","MI",47,43,"NBC/Marist",2012-06-25
"450","MI",47,46,"Mitchell Research",2012-06-18
"451","MI",43,45,"We Ask America",2012-06-18
"452","MI",50,42,"Rasmussen",2012-06-14
"453","MI",47,45,"FMWB (D)",2012-06-12
"454","MI",45,46,"EPIC-MRA",2012-06-05
"455","MI",53,39,"PPP (D)",2012-05-27
"456","MI",45,40,"Glengariff Group ",2012-05-11
"457","MI",47,43,"EPIC-MRA",2012-04-03
"458","MI",49,42,"Marketing Resource Group (R)",2012-03-19
"459","MI",51,33,"NBC/Marist",2012-02-20
"460","MI",54,38,"PPP (D)",2012-02-12
"461","MI",48,40,"EPIC-MRA",2012-01-25
"462","MI",41,46,"EPIC-MRA",2011-11-16
"463","MI",50,39,"SurveyUSA",2011-10-14
"464","MI",47,43,"PPP (D)",2010-12-06
"465","MN",53,45,"PPP (D)",2012-11-03
"466","MN",52,41,"SurveyUSA",2012-11-03
"467","MN",50,43,"YouGov",2012-11-03
"468","MN",53,44,"PPP (D-LCV)",2012-11-01
"469","MN",45,46,"NMB (R-American Future Fund)",2012-10-31
"470","MN",50,43,"SurveyUSA",2012-10-28
"471","MN",47,44,"The Star Tribune Minnesota Poll/Mason-Dixon",2012-10-25
"472","MN",51,46,"Rasmussen",2012-10-21
"473","MN",53,45,"St. Cloud St",2012-10-21
"474","MN",50,40,"SurveyUSA",2012-10-14
"475","MN",52,44,"YouGov",2012-10-11
"476","MN",47,43,"NMB (R-American Future Fund)",2012-10-08
"477","MN",53,43,"PPP (D)",2012-10-08
"478","MN",48,40,"The Star Tribune Minnesota Poll/Mason-Dixon",2012-09-19
"479","MN",50,42,"YouGov",2012-09-14
"480","MN",51,44,"PPP (D)",2012-09-11
"481","MN",50,40,"SurveyUSA",2012-09-09
"482","MN",46,40,"SurveyUSA",2012-07-19
"483","MN",54,39,"PPP (D)",2012-06-03
"484","MN",52,38,"SurveyUSA",2012-05-10
"485","MN",49,36,"SurveyUSA",2012-02-02
"486","MN",51,41,"PPP (D)",2012-01-22
"487","MN",45,39,"SurveyUSA",2011-11-06
"488","MN",45,39,"St. Cloud St/Minnpost",2011-10-26
"489","MS",36,54,"PPP (D)",2011-11-06
"490","MS",40,46,"PPP (D)",2011-03-27
"491","MO",45,53,"PPP (D)",2012-11-03
"492","MO",42,53,"YouGov",2012-11-03
"493","MO",43,50,"SurveyUSA",2012-11-03
"494","MO",42,54,"We Ask America",2012-10-30
"495","MO",41,54,"Mason-Dixon",2012-10-25
"496","MO",46,52,"PPP (D)",2012-10-21
"497","MO",43,54,"Rasmussen",2012-10-17
"498","MO",41,55,"Wenzel Strategies (R)",2012-10-13
"499","MO",42,52,"YouGov",2012-10-11
"500","MO",45,51,"PPP (D)",2012-10-03
"501","MO",46,49,"Rasmussen",2012-10-02
"502","MO",40,50,"Wenzel Strategies (R-Akin)",2012-10-01
"503","MO",45,48,"We Ask America",2012-09-27
"504","MO",44,50,"Chilenski Strategies/Missouri Scout",2012-09-20
"505","MO",43,50,"YouGov",2012-09-14
"506","MO",45,48,"Rasmussen",2012-09-11
"507","MO",38,57,"Wenzel Strategies (R-Citizens United)",2012-09-11
"508","MO",41,53,"PPP (D)",2012-08-29
"509","MO",36,53,"Gravis Marketing",2012-08-23
"510","MO",43,50,"Mason-Dixon",2012-08-23
"511","MO",47,46,"Rasmussen",2012-08-22
"512","MO",42,52,"PPP (D)",2012-08-20
"513","MO",44,45,"SurveyUSA",2012-08-12
"514","MO",47,48,"Chilenski Strategies/Missouri Scout",2012-08-08
"515","MO",44,50,"Rasmussen",2012-07-30
"516","MO",42,51,"Mason-Dixon",2012-07-25
"517","MO",40,49,"We Ask America",2012-07-24
"518","MO",42,49,"Rasmussen",2012-06-07
"519","MO",45,44,"PPP (D)",2012-05-27
"520","MO",45,48,"Rasmussen",2012-04-17
"521","MO",41,50,"Rasmussen",2012-03-15
"522","MO",45,45,"PPP (D)",2012-01-29
"523","MO",42,45,"Rasmussen",2011-11-09
"524","MO",43,45,"PPP (D)",2011-05-01
"525","MO",43,44,"PPP (D)",2011-03-06
"526","MO",41,47,"PPP (D)",2010-12-01
"527","MT",45,52,"PPP (D)",2012-11-03
"528","MT",43,53,"The Lee Newspapers Poll/Mason-Dixon",2012-10-31
"529","MT",43,53,"Rasmussen",2012-10-29
"532","MT",43,53,"PPP (D-LCV)",2012-10-16
"533","MT",45,53,"Rasmussen",2012-10-14
"534","MT",41,52,"PPP (D)",2012-10-10
"535","MT",35,49,"MSU-Billings",2012-09-30
"536","MT",44,48,"Mellman (D-Montana JET PAC)",2012-09-26
"537","MT",42,51,"The Lee Newspapers Poll/Mason-Dixon",2012-09-19
"538","MT",45,50,"PPP (D)",2012-09-11
"539","MT",38,55,"Rasmussen",2012-08-20
"540","MT",42,51,"Rasmussen",2012-06-18
"541","MT",44,51,"Rasmussen",2012-05-02
"542","MT",43,48,"PPP (D)",2012-04-29
"543","MT",40,49,"Rasmussen",2012-04-02
"544","MT",41,48,"Rasmussen",2012-02-22
"545","MT",40,50,"PPP (D)",2011-11-30
"546","MT",39,50,"PPP (D)",2010-11-13
"547","NE",41,54,"We Ask America",2012-11-01
"549","NE",38,52,"Wiese/Omaha World-Herald",2012-10-25
"551","NE",39,53,"Wiese/Omaha World-Herald",2012-09-20
"552","NE",39,53,"Rasmussen",2012-05-16
"553","NE",39,51,"PPP (D)",2012-03-25
"554","NE",35,52,"Rasmussen",2012-03-05
"555","NE",38,51,"PPP (D)",2011-10-02
"556","NV",51,47,"PPP (D)",2012-11-04
"557","NV",49,45,"YouGov",2012-11-03
"558","NV",50,44,"Mellman (D-Americans United for Change)",2012-10-31
"559","NV",50,46,"SurveyUSA",2012-10-29
"560","NV",49,43,"Grove Insight (D-Project New America/USAction)",2012-10-28
"561","NV",50,49,"Gravis Marketing",2012-10-24
"562","NV",50,47,"NBC/WSJ/Marist",2012-10-24
"563","NV",51,47,"PPP (D)",2012-10-24
"564","NV",50,48,"Rasmussen",2012-10-23
"565","NV",49,47,"ARG",2012-10-22
"566","NV",51,43,"Mellman (D-Americans United for Change)",2012-10-17
"567","NV",50,43,"Grove Insight (D-Project New America)",2012-10-16
"568","NV",50,47,"Rasmussen",2012-10-15
"569","NV",48,45,"SurveyUSA",2012-10-15
"570","NV",50,45,"YouGov",2012-10-11
"571","NV",51,47,"PPP (D)",2012-10-10
"572","NV",47,45,"Suffolk/KSNV",2012-10-09
"573","NV",47,47,"Rasmussen",2012-10-08
"574","NV",47,46,"SurveyUSA",2012-10-08
"575","NV",49,48,"Gravis Marketing",2012-10-03
"576","NV",53,42,"We Ask America",2012-09-27
"577","NV",49,47,"NBC/WSJ/Marist",2012-09-25
"578","NV",51,44,"ARG",2012-09-23
"579","NV",46,46,"POS (R)",2012-09-20
"580","NV",52,43,"PPP (D-League of Conservation Voters)",2012-09-20
"581","NV",47,45,"Rasmussen",2012-09-18
"582","NV",49,46,"CNN",2012-09-18
"583","NV",51,44,"YouGov",2012-09-14
"584","NV",50,47,"PPP (D)",2012-08-26
"585","NV",47,45,"SurveyUSA",2012-08-21
"586","NV",50,45,"Rasmussen",2012-07-24
"587","NV",49,43,"We Ask America",2012-07-18
"588","NV",50,46,"Magellan (R)",2012-07-17
"589","NV",48,42,"PPP (D)",2012-06-10
"590","NV",48,46,"NBC/Marist",2012-05-24
"591","NV",52,44,"Rasmussen",2012-04-30
"592","NV",51,43,"PPP (D)",2012-04-01
"593","NV",50,44,"Rasmussen",2012-03-19
"594","NV",46,40,"Las Vegas Review-Journal/UNLV",2011-12-20
"595","NV",46,46,"PPP (D)",2011-10-23
"596","NV",43,46,"PPP (D)",2011-04-24
"597","NV",47,46,"PPP (D)",2011-01-05
"598","NH",50,48,"Rasmussen",2012-11-04
"599","NH",50,46,"New England College",2012-11-04
"600","NH",50,48,"PPP (D)",2012-11-04
"601","NH",49,49,"ARG",2012-11-04
"602","NH",50,46,"UNH/WMUR",2012-11-04
"603","NH",47,43,"YouGov",2012-11-03
"604","NH",48,48,"UNH/WMUR",2012-11-02
"605","NH",50,49,"Gravis Marketing",2012-11-01
"606","NH",50,44,"New England College",2012-10-31
"607","NH",49,47,"NBC/WSJ/Marist",2012-10-29
"608","NH",49,47,"PPP (D)",2012-10-28
"609","NH",47,42,"Lake Research (D-USAction)",2012-10-28
"610","NH",47,44,"Grove Insight (D-Project New America)",2012-10-25
"611","NH",49,46,"New England College",2012-10-25
"612","NH",48,50,"Rasmussen",2012-10-23
"613","NH",47,49,"ARG",2012-10-22
"614","NH",48,45,"Lake Research (D-USAction)",2012-10-22
"615","NH",51,42,"UNH",2012-10-21
"616","NH",48,49,"PPP (D)",2012-10-19
"617","NH",50,49,"Rasmussen",2012-10-15
"618","NH",47,47,"Suffolk",2012-10-14
"619","NH",46,50,"ARG",2012-10-11
"620","NH",48,48,"Rasmussen",2012-10-09
"621","NH",50,44,"UNH/WMUR",2012-10-06
"622","NH",54,39,"UNH/WMUR",2012-09-30
"623","NH",50,45,"ARG",2012-09-27
"624","NH",51,44,"PPP (D-Progressive Change Campaign Committee)",2012-09-25
"625","NH",51,44,"NBC/WSJ/Marist",2012-09-25
"626","NH",52,45,"GQR (D-New Hampshire Democratic Party)",2012-09-19
"627","NH",45,48,"Rasmussen",2012-09-18
"628","NH",48,47,"ARG",2012-09-17
"629","NH",48,42,"YouGov",2012-09-14
"630","NH",45,40,"UNH/WMUR",2012-09-10
"631","NH",51,45,"PPP (D)",2012-08-12
"632","NH",49,46,"UNH/WMUR",2012-08-12
"633","NH",50,44,"PPP (D-Democracy for America)",2012-08-08
"634","NH",49,45,"UNH/WMUR",2012-07-15
"635","NH",45,45,"NBC/Marist",2012-06-25
"636","NH",49,46,"ARG",2012-06-24
"637","NH",48,43,"Rasmussen",2012-06-20
"638","NH",53,41,"PPP (D)",2012-05-13
"639","NH",51,42,"UNH/WMUR",2012-04-20
"640","NH",42,44,"Dartmouth",2012-04-05
"641","NH",48,41,"ARG",2012-03-18
"642","NH",50,40,"UNH/WMUR",2012-02-02
"643","NH",43,46,"Marist College",2011-11-30
"644","NH",44,47,"UNH/WMUR",2011-11-20
"645","NH",40,50,"Bloomberg",2011-11-12
"646","NH",41,52,"Mason-Dixon",2011-10-06
"647","NH",42,50,"UNH/WMUR",2011-10-06
"648","NH",40,49,"Marist College",2011-10-05
"649","NH",43,47,"UNH/WMUR",2011-07-01
"650","NH",43,50,"UNH",2011-04-26
"651","NJ",53,41,"YouGov",2012-11-03
"652","NJ",51,41,"Philadelphia Inquirer/National Research (R)/GSG (D)",2012-10-25
"653","NJ",54,40,"SurveyUSA",2012-10-18
"654","NJ",53,38,"Stockton",2012-10-18
"655","NJ",48,41,"Neighborhood (R-AFP)",2012-10-14
"656","NJ",51,43,"Quinnipiac",2012-10-14
"657","NJ",54,41,"YouGov",2012-10-11
"658","NJ",51,40,"Philadelphia Inquirer/National Research (R)/GSG (D)",2012-10-08
"659","NJ",56,39,"Rutgers-Eagleton",2012-09-30
"660","NJ",52,37,"Monmouth University/Asbury Park Press",2012-09-23
"661","NJ",52,40,"YouGov",2012-09-14
"662","NJ",51,37,"Philadelphia Inquirer/National Research (R)/GSG (D)",2012-09-12
"663","NJ",52,38,"Fairleigh Dickinson",2012-09-12
"664","NJ",51,44,"Quinnipiac",2012-09-02
"665","NJ",51,37,"Rutgers-Eagleton",2012-08-25
"666","NJ",49,36,"Fairleigh Dickinson",2012-07-29
"667","NJ",50,42,"Monmouth University/Asbury Park Press",2012-07-22
"668","NJ",49,38,"Quinnipiac",2012-07-15
"669","NJ",56,33,"Rutgers-Eagleton",2012-06-04
"670","NJ",49,39,"Quinnipiac",2012-05-14
"671","NJ",50,36,"Fairleigh Dickinson",2012-05-06
"672","NJ",49,40,"Quinnipiac",2012-04-09
"673","NJ",50,37,"Fairleigh Dickinson",2012-03-11
"674","NJ",49,39,"Quinnipiac",2012-02-27
"675","NJ",52,38,"SurveyUSA",2012-02-26
"676","NJ",56,31,"Rutgers-Eagleton",2012-02-11
"677","NJ",48,38,"Quinnipiac",2012-01-16
"678","NJ",51,32,"Rutgers-Eagleton",2011-12-18
"679","NJ",49,40,"Quinnipiac",2011-11-14
"680","NJ",47,41,"Quinnipiac",2011-10-10
"681","NJ",52,37,"PPP (D)",2011-01-09
"682","NM",49,43,"YouGov",2012-11-03
"683","NM",49,41,"POS (R-Wilson)",2012-10-31
"684","NM",47,42,"POS (R-Wilson)",2012-10-22
"685","NM",49,39,"Albuquerque Journal",2012-10-10
"686","NM",54,43,"Rasmussen",2012-10-08
"687","NM",52,43,"PPP (D-League of Conservation Voters)",2012-10-03
"688","NM",51,40,"Rasmussen",2012-09-27
"689","NM",47,40,"POS (R-Wilson)",2012-09-27
"690","NM",51,41,"We Ask America",2012-09-27
"691","NM",52,43,"PPP (D)/NRDC",2012-09-20
"692","NM",51,43,"YouGov",2012-09-14
"693","NM",53,42,"PPP (D-League of Conservation Voters)",2012-09-09
"694","NM",45,40,"Albuquerque Journal",2012-09-06
"695","NM",52,38,"Rasmussen",2012-08-21
"696","NM",49,44,"PPP (D)",2012-07-16
"697","NM",48,35,"FMMMA (D)",2012-05-21
"698","NM",48,35,"PPP (D)",2012-04-22
"699","NM",52,36,"Rasmussen",2012-04-03
"700","NM",55,36,"Rasmussen",2012-02-14
"701","NM",53,38,"PPP (D)",2011-12-12
"702","NM",53,37,"PPP (D)",2011-02-06
"703","NY",59,36,"YouGov",2012-11-03
"704","NY",62,33,"SurveyUSA",2012-10-25
"705","NY",59,35,"Siena",2012-10-24
"706","NY",61,35,"Marist",2012-10-21
"707","NY",59,35,"YouGov",2012-10-11
"708","NY",58,36,"YouGov",2012-09-14
"709","NY",62,34,"Quinnipiac",2012-09-12
"710","NY",62,33,"Siena",2012-08-19
"711","NY",55,32,"Quinnipiac",2012-07-23
"712","NY",61,34,"Siena",2012-07-15
"713","NY",59,35,"Siena",2012-06-06
"714","NY",56,31,"Quinnipiac",2012-05-28
"715","NY",57,37,"Siena",2012-05-10
"716","NY",57,35,"Marist",2012-04-12
"717","NY",60,35,"Siena",2012-04-04
"718","NY",56,33,"Quinnipiac",2012-04-02
"719","NY",60,34,"Siena",2012-02-29
"720","NY",52,35,"Quinnipiac",2012-02-13
"721","NY",63,31,"Siena",2012-02-01
"722","NY",58,35,"Marist",2012-01-19
"723","NY",59,34,"Siena",2011-11-13
"724","NY",59,35,"Marist",2011-10-27
"725","NY",55,37,"Siena",2011-10-12
"726","NC",46,50,"Gravis Marketing",2012-11-04
"727","NC",49,49,"PPP (D)",2012-11-04
"728","NC",47,49,"YouGov",2012-11-03
"729","NC",49,49,"PPP (D)",2012-10-31
"730","NC",45,46,"High Point University",2012-10-30
"731","NC",45,50,"SurveyUSA",2012-10-29
"732","NC",45,45,"Elon",2012-10-26
"733","NC",46,52,"Rasmussen",2012-10-25
"734","NC",48,48,"PPP (D)",2012-10-25
"735","NC",45,53,"Gravis Marketing",2012-10-24
"736","NC",47,44,"Grove Insight (D-Project New America)",2012-10-24
"737","NC",47,48,"Civitas (R) / National Research (R)",2012-10-21
"738","NC",47,44,"Grove Insight (D-Project New America)",2012-10-18
"739","NC",46,52,"Rasmussen",2012-10-17
"740","NC",47,49,"PPP (D)",2012-10-14
"741","NC",45,49,"Tel Opinion Research (R-North Carolina Republican Party)",2012-10-13
"742","NC",48,49,"YouGov",2012-10-11
"743","NC",46,45,"High Point University/UNC",2012-10-10
"744","NC",48,51,"Rasmussen",2012-10-09
"745","NC",41,50,"Gravis Marketing",2012-10-08
"746","NC",47,51,"Rasmussen",2012-10-02
"747","NC",49,47,"SurveyUSA",2012-10-01
"748","NC",46,50,"ARG",2012-09-30
"749","NC",48,48,"PPP (D)",2012-09-30
"750","NC",48,46,"NBC/WSJ/Marist",2012-09-25
"751","NC",49,45,"Civitas (R) / National Research (R)",2012-09-19
"752","NC",48,46,"Purple Strategies",2012-09-19
"753","NC",46,43,"High Point University/Fox 8",2012-09-18
"754","NC",46,48,"YouGov",2012-09-14
"755","NC",45,51,"Rasmussen",2012-09-13
"756","NC",49,48,"PPP (D)",2012-09-09
"757","NC",43,53,"Civitas (R) / SurveyUSA",2012-09-06
"758","NC",48,48,"PPP (D)",2012-09-02
"759","NC",43,46,"High Point University/SurveyUSA",2012-08-30
"760","NC",43,47,"Elon",2012-08-30
"761","NC",47,48,"CNN/Time/ORC",2012-08-26
"762","NC",43,43,"High Point University/SurveyUSA",2012-08-23
"763","NC",49,46,"PPP (D)",2012-08-05
"764","NC",44,49,"Rasmussen",2012-08-01
"765","NC",48,49,"Civitas (R) / National Research (R)",2012-07-18
"766","NC",47,46,"PPP (D)",2012-07-08
"767","NC",48,49,"Project New America/Myers (D)",2012-07-08
"768","NC",45,50,"Civitas (R) / SurveyUSA",2012-07-01
"769","NC",44,47,"Rasmussen",2012-06-25
"770","NC",46,44,"NBC/Marist",2012-06-25
"771","NC",46,48,"PPP (D)",2012-06-10
"772","NC",44,45,"SurveyUSA",2012-05-21
"773","NC",45,47,"Civitas (R) / National Research (R)",2012-05-20
"774","NC",43,51,"Rasmussen",2012-05-14
"775","NC",48,47,"PPP (D)",2012-05-13
"776","NC",47,43,"SurveyUSA",2012-04-30
"777","NC",44,46,"Rasmussen",2012-04-10
"778","NC",49,44,"PPP (D)",2012-04-07
"779","NC",49,46,"PPP (D)",2012-03-11
"780","NC",47,46,"PPP (D)",2012-02-05
"781","NC",39,48,"Civitas (R) / National Research (R)",2012-01-11
"782","NC",46,45,"PPP (D)",2012-01-08
"783","NC",46,46,"PPP (D)",2011-12-04
"784","NC",45,46,"PPP (D)",2011-10-31
"785","NC",46,45,"PPP (D)",2011-10-03
"786","NC",46,43,"PPP (D)",2011-08-07
"787","NC",45,44,"PPP (D)",2011-06-11
"788","NC",46,43,"PPP (D)",2011-05-15
"789","NC",47,44,"PPP (D)",2011-04-17
"790","NC",44,42,"PPP (D)",2011-03-20
"791","NC",47,44,"PPP (D)",2011-02-21
"792","NC",47,44,"PPP (D)",2011-01-23
"793","NC",46,43,"PPP (D)",2010-12-19
"794","NC",44,44,"PPP (D)",2010-11-21
"795","ND",40,54,"Mason-Dixon",2012-10-28
"798","ND",40,54,"Rasmussen",2012-10-18
"799","ND",32,57,"Essman/Research",2012-10-15
"800","ND",40,54,"Mason-Dixon",2012-10-05
"801","ND",39,51,"DFM Research (D-ND Dems/NPL)",2012-09-27
"802","ND",35,54,"DFM Research (D-ND Dems/NPL)",2012-07-26
"803","ND",36,51,"Rasmussen",2012-07-11
"804","ND",39,52,"Mason-Dixon",2012-06-06
"805","ND",32,51,"DFM Research (D-DSCC)",2012-04-26
"806","ND",33,47,"Mellman Group (D-DSCC)",2011-11-16
"807","OH",49,48,"Gravis Marketing",2012-11-05
"808","OH",50,46,"Ipsos/Reuters (Web)",2012-11-05
"809","OH",51,44,"JZ Analytics/Newsmax",2012-11-05
"810","OH",49,49,"Rasmussen",2012-11-04
"811","OH",52,47,"PPP (D)",2012-11-04
"812","OH",51,48,"Angus-Reid",2012-11-04
"813","OH",49,44,"SurveyUSA",2012-11-04
"814","OH",50,49,"The Ohio Poll/University of Cincinnati",2012-11-04
"815","OH",49,46,"YouGov",2012-11-03
"816","OH",50,48,"Columbus Dispatch",2012-11-03
"817","OH",49,45,"Grove Insight (D-Project New America/USAction)",2012-11-02
"818","OH",47,45,"Ipsos/Reuters (Web)",2012-11-02
"819","OH",49,49,"Rasmussen",2012-11-01
"820","OH",51,45,"NBC/WSJ/Marist",2012-11-01
"821","OH",50,47,"CNN",2012-11-01
"822","OH",50,46,"We Ask America",2012-11-01
"823","OH",46,49,"Wenzel Strategies (R-Citizens United)",2012-10-31
"824","OH",50,45,"PPP (D-Health Care for America Now)",2012-10-30
"825","OH",50,44,"JZ Analytics/Newsmax",2012-10-30
"826","OH",48,46,"The Ohio Poll/University of Cincinnati",2012-10-30
"827","OH",48,46,"Pulse Opinion Research/Let Freedom Ring (R)",2012-10-29
"828","OH",48,45,"Grove Insight (D-Project New America/USAction)",2012-10-29
"829","OH",48,45,"SurveyUSA",2012-10-29
"830","OH",48,50,"Rasmussen",2012-10-28
"832","OH",51,47,"PPP (D)",2012-10-28
"833","OH",50,45,"Quinnipiac/NYT/CBS",2012-10-28
"834","OH",50,49,"Gravis Marketing",2012-10-27
"835","OH",49,47,"ARG",2012-10-25
"836","OH",50,46,"CNN",2012-10-25
"837","OH",46,44,"Purple Strategies",2012-10-25
"838","OH",49,44,"Mellman (D-Americans United for Change)",2012-10-25
"839","OH",48,48,"Rasmussen",2012-10-23
"840","OH",49,44,"Time",2012-10-23
"841","OH",46,44,"Lake Research (D-USAction)",2012-10-23
"842","OH",49,49,"Ohio Newspaper Organization/University of Cincinnati",2012-10-23
"843","OH",47,44,"SurveyUSA",2012-10-22
"845","OH",47,47,"Suffolk",2012-10-21
"846","OH",48,48,"Angus-Reid",2012-10-20
"847","OH",49,48,"PPP (D)",2012-10-20
"848","OH",50,45,"Quinnipiac/CBS",2012-10-20
"849","OH",47,47,"Gravis Marketing",2012-10-19
"850","OH",46,43,"FOX",2012-10-18
"851","OH",49,48,"Rasmussen",2012-10-17
"852","OH",46,47,"Pulse Opinion Research/Let Freedom Ring (R)",2012-10-15
"853","OH",45,42,"SurveyUSA",2012-10-15
"854","OH",51,46,"PPP (D)",2012-10-13
"855","OH",50,46,"YouGov",2012-10-11
"856","OH",48,47,"Rasmussen",2012-10-10
"857","OH",45,46,"Gravis Marketing",2012-10-10
"858","OH",51,45,"NBC/WSJ/Marist",2012-10-09
"859","OH",47,46,"Pulse Opinion Research/Let Freedom Ring (R)",2012-10-08
"860","OH",47,48,"ARG",2012-10-08
"861","OH",51,47,"CNN",2012-10-08
"862","OH",45,44,"SurveyUSA",2012-10-08
"863","OH",47,48,"Wenzel Strategies (R-Citizens United)",2012-10-05
"864","OH",50,49,"Rasmussen",2012-10-04
"865","OH",46,47,"We Ask America",2012-10-04
"866","OH",50,43,"Pulse Opinion Research/Let Freedom Ring (R)",2012-10-01
"867","OH",51,43,"NBC/WSJ/Marist",2012-10-01
"868","OH",49,45,"PPP (D)",2012-09-30
"869","OH",51,42,"Columbus Dispatch",2012-09-29
"870","OH",53,43,"Quinnipiac/NYT/CBS",2012-09-24
"871","OH",52,44,"Washington Post",2012-09-23
"872","OH",45,44,"Gravis Marketing",2012-09-22
"873","OH",48,44,"Purple Strategies",2012-09-19
"874","OH",49,42,"FOX",2012-09-18
"875","OH",50,44,"PPP (D)/NRDC",2012-09-18
"876","OH",51,46,"Ohio Newspaper Organization/University of Cincinnati",2012-09-18
"877","OH",47,44,"Caddell/McLaughlin (R)/Secure America Now",2012-09-15
"878","OH",47,44,"YouGov",2012-09-14
"879","OH",47,46,"Rasmussen",2012-09-12
"880","OH",48,47,"ARG",2012-09-12
"881","OH",50,43,"NBC/WSJ/Marist",2012-09-11
"882","OH",50,45,"PPP (D)",2012-09-09
"883","OH",47,43,"Gravis Marketing",2012-09-08
"884","OH",44,47,"Gravis Marketing",2012-09-02
"885","OH",45,44,"Gravis Marketing",2012-08-27
"886","OH",45,45,"Columbus Dispatch",2012-08-25
"887","OH",50,44,"Quinnipiac/NYT/CBS",2012-08-21
"888","OH",49,46,"The Ohio Poll/University of Cincinnati",2012-08-21
"889","OH",44,46,"Purple Strategies",2012-08-14
"890","OH",45,45,"Rasmussen",2012-08-13
"891","OH",48,45,"PPP (D)",2012-08-12
"892","OH",50,44,"Quinnipiac/NYT/CBS",2012-07-30
"893","OH",48,40,"We Ask America",2012-07-24
"894","OH",45,43,"Magellan (R-Opportunity Ohio)",2012-07-24
"895","OH",47,45,"Rasmussen",2012-07-18
"896","OH",48,45,"Purple Strategies",2012-07-13
"897","OH",48,41,"Garin-Hart-Yang (D-Priorities USA)",2012-07-03
"898","OH",47,38,"Quinnipiac",2012-06-25
"899","OH",47,44,"PPP (D)",2012-06-24
"900","OH",45,48,"Purple Strategies",2012-06-05
"901","OH",44,46,"Rasmussen",2012-05-29
"902","OH",48,42,"NBC/Marist",2012-05-20
"903","OH",45,44,"Quinnipiac",2012-05-07
"904","OH",50,43,"PPP (D)",2012-05-06
"905","OH",44,42,"Quinnipiac",2012-05-01
"906","OH",49,44,"Purple Strategies",2012-04-23
"907","OH",46,42,"Rasmussen",2012-04-18
"908","OH",45,39,"FOX",2012-04-17
"909","OH",48,40,"Rasmussen",2012-03-26
"910","OH",47,41,"Quinnipiac",2012-03-26
"911","OH",50,38,"NBC/Marist",2012-03-02
"912","OH",38,44,"FOX",2012-02-13
"913","OH",46,44,"Quinnipiac",2012-02-12
"914","OH",45,41,"Rasmussen",2012-02-08
"915","OH",49,42,"PPP (D)",2012-01-29
"916","OH",44,42,"Quinnipiac",2012-01-16
"917","OH",42,43,"Quinnipiac",2011-12-05
"918","OH",45,42,"Quinnipiac",2011-11-07
"919","OH",50,41,"PPP (D)",2011-11-06
"920","OH",45,41,"Quinnipiac",2011-10-23
"921","OH",46,46,"PPP (D)",2011-10-16
"922","OK",33,58,"SoonerPoll.com",2012-10-24
"923","OK",29,58,"SoonerPoll.com",2012-08-14
"924","OK",27,62,"SoonerPoll.com",2012-05-10
"925","OR",52,46,"PPP (D)",2012-11-01
"926","OR",47,41,"Elway/Oregonian",2012-10-28
"927","OR",47,42,"Hoffman Research (R)",2012-10-25
"928","OR",49,42,"SurveyUSA",2012-10-18
"929","OR",50,41,"SurveyUSA",2012-09-13
"930","OR",50,42,"PPP (D)",2012-06-24
"931","OR",47,43,"SurveyUSA",2012-05-10
"932","OR",50,39,"SurveyUSA",2012-03-19
"933","OR",53,40,"DailyKos.com/PPP (D)",2011-12-14
"934","OR",48,40,"SurveyUSA",2011-11-21
"935","PA",49,46,"Gravis Marketing",2012-11-04
"936","PA",51,47,"Angus-Reid",2012-11-04
"937","PA",52,46,"PPP (D)",2012-11-03
"938","PA",49,46,"Muhlenberg",2012-11-03
"939","PA",52,44,"YouGov",2012-11-03
"940","PA",47,47,"Susquehanna (R)/Pittsburgh Tribune-Review",2012-10-31
"941","PA",49,46,"Pulse Opinion Research/Let Freedom Ring (R)",2012-10-30
"942","PA",49,45,"Franklin and Marshall College",2012-10-28
"943","PA",49,43,"Philadelphia Inquirer/National Research (R)/GSG (D)",2012-10-25
"944","PA",51,46,"Rasmussen",2012-10-24
"945","PA",48,45,"Gravis Marketing",2012-10-21
"947","PA",50,45,"Muhlenberg",2012-10-21
"948","PA",52,42,"Angus-Reid",2012-10-20
"949","PA",48,44,"Pulse Opinion Research/Let Freedom Ring (R)",2012-10-15
"950","PA",51,44,"PPP (D)",2012-10-14
"951","PA",50,46,"Quinnipiac",2012-10-14
"952","PA",49,45,"Muhlenberg",2012-10-14
"953","PA",45,49,"Susquehanna (R - Republican State Committee of Pennsylvania)",2012-10-13
"954","PA",51,44,"YouGov",2012-10-11
"955","PA",51,46,"Rasmussen",2012-10-09
"956","PA",47,45,"Pulse Opinion Research/Let Freedom Ring (R)",2012-10-08
"957","PA",50,42,"Philadelphia Inquirer/National Research (R)/GSG (D)",2012-10-08
"958","PA",47,45,"Susquehanna (R)",2012-10-06
"959","PA",43,40,"Siena",2012-10-05
"960","PA",49,42,"Muhlenberg",2012-09-26
"961","PA",54,42,"Quinnipiac/NYT/CBS",2012-09-24
"962","PA",52,43,"Franklin and Marshall College",2012-09-23
"963","PA",47,45,"Susquehanna (R)/Tribune-Review",2012-09-20
"964","PA",48,40,"Mercyhurst University",2012-09-20
"965","PA",51,39,"Rasmussen",2012-09-19
"966","PA",48,42,"We Ask America",2012-09-18
"967","PA",52,40,"PPP (D)/NRDC",2012-09-18
"968","PA",48,47,"Susquehanna (R-Republican State Committee of Pennsylvania)",2012-09-17
"969","PA",50,41,"Muhlenberg",2012-09-16
"970","PA",52,43,"YouGov",2012-09-14
"971","PA",50,39,"Philadelphia Inquirer/National Research (R)/GSG (D)",2012-09-12
"972","PA",51,42,"Philadelphia Inquirer",2012-08-23
"973","PA",49,40,"Muhlenberg",2012-08-22
"974","PA",47,42,"Franklin and Marshall College",2012-08-12
"975","PA",53,42,"Quinnipiac/NYT/CBS",2012-07-30
"976","PA",49,43,"PPP (D)",2012-07-23
"977","PA",46,43,"Susquehanna (R)",2012-07-23
"978","PA",48,44,"Rasmussen",2012-07-18
"979","PA",47,40,"We Ask America",2012-07-10
"980","PA",49,40,"Garin-Hart-Yang (D-Priorities USA)",2012-07-03
"981","PA",45,39,"Quinnipiac",2012-06-25
"982","PA",46,40,"Quinnipiac",2012-06-10
"983","PA",48,36,"Franklin and Marshall College",2012-06-04
"984","PA",47,41,"Rasmussen",2012-05-21
"985","PA",50,42,"PPP (D)",2012-05-20
"986","PA",47,39,"Quinnipiac",2012-05-01
"987","PA",45,40,"Muhlenberg",2012-04-01
"988","PA",45,42,"Quinnipiac",2012-03-26
"989","PA",46,40,"Quinnipiac",2012-03-12
"990","PA",49,42,"PPP (D)",2012-03-11
"991","PA",45,44,"Rasmussen",2012-02-23
"992","PA",48,37,"Muhlenberg",2012-02-21
"993","PA",41,33,"Franklin and Marshall College",2012-02-20
"994","PA",43,45,"Susquehanna (R)",2012-02-06
"995","PA",41,30,"Franklin and Marshall College",2012-01-22
"996","PA",45,41,"Muhlenberg",2011-12-07
"997","PA",46,43,"Quinnipiac",2011-12-05
"998","PA",45,45,"PPP (D)",2011-11-20
"999","PA",44,44,"SurveyUSA",2011-11-10
"1000","PA",44,43,"Quinnipiac",2011-11-07
"1001","PA",35,26,"Franklin and Marshall College",2011-10-30
"1002","PA",44,44,"PPP (D)",2011-07-05
"1003","PA",43,42,"PPP (D)",2011-04-10
"1004","PA",46,42,"PPP (D)",2011-01-05
"1005","RI",54,33,"Fleming and Associates/WPRI",2012-10-27
"1006","RI",58,32,"Brown University",2012-10-05
"1007","RI",57,33,"Fleming and Associates/WPRI",2012-09-29
"1008","RI",54,37,"PPP (D)",2011-02-22
"1009","SC",40,46,"Ipsos/Reuters (Internet)",2012-01-13
"1010","SC",45,42,"Marist College",2011-12-06
"1011","SC",40,46,"Marist College",2011-10-13
"1012","SD",41,53,"Nielson Brothers",2012-11-04
"1013","SD",42,50,"Nielson Brothers",2012-10-31
"1014","SD",41,52,"Nielson Brothers",2012-10-05
"1015","SD",39,54,"Nielson Brothers",2012-09-06
"1016","SD",43,49,"Nielson Brothers",2012-07-23
"1017","SD",35,44,"Nielson Brothers",2012-02-17
"1018","TN",42,53,"YouGov",2012-11-03
"1019","TN",34,59,"MTSU",2012-10-21
"1020","TN",43,52,"YouGov",2012-10-11
"1021","TN",42,50,"YouGov",2012-09-14
"1022","TN",40,47,"Vanderbit / PSRA",2012-05-09
"1023","TN",41,47,"MTSU",2012-02-25
"1024","TN",39,42,"Vanderbit / PSRA",2012-02-22
"1025","TN",29,44,"MTSU",2011-10-14
"1026","TX",38,57,"YouGov",2012-11-03
"1027","TX",39,55,"U of Texas/Texas Tribune",2012-10-21
"1028","TX",41,55,"YouGov",2012-10-11
"1029","TX",39,58,"Texas Lyceum",2012-09-26
"1030","TX",41,53,"YouGov",2012-09-14
"1031","TX",40,55,"Wilson Perkins Allen Opinion Research (R)",2012-09-11
"1032","TX",35,55,"U of Texas/Texas Tribune",2012-05-13
"1033","TX",43,50,"PPP (D)",2012-04-22
"1034","TX",36,49,"U of Texas/Texas Tribune",2012-02-15
"1035","TX",42,49,"PPP (D)",2012-01-15
"1036","TX",34,36,"U of Texas/Texas Tribune",2011-10-26
"1037","UT",26,69,"Dan Jones & Associates",2012-11-01
"1038","UT",25,70,"Mason-Dixon/The Salt Lake Tribune",2012-10-31
"1039","UT",20,71,"Key/BYU",2012-10-13
"1040","UT",26,68,"Dan Jones & Associates",2012-06-21
"1041","UT",31,63,"PPP (D)",2011-07-10
"1042","VT",62,25,"Castleton State College",2012-08-21
"1043","VT",58,33,"Castleton State College",2012-02-22
"1044","VA",48,46,"Ipsos/Reuters (Web)",2012-11-05
"1045","VA",48,50,"Rasmussen",2012-11-04
"1046","VA",51,47,"PPP (D)",2012-11-04
"1047","VA",52,44,"JZ Analytics/Newsmax",2012-11-04
"1048","VA",48,46,"YouGov",2012-11-03
"1049","VA",48,47,"NBC/WSJ/Marist",2012-11-02
"1050","VA",48,45,"Ipsos/Reuters (Web)",2012-11-02
"1051","VA",48,45,"Mellman (D-Americans United for Change)",2012-11-02
"1052","VA",49,48,"We Ask America",2012-11-01
"1053","VA",49,46,"PPP (D-Health Care for America Now)",2012-10-31
"1054","VA",49,48,"Pulse Opinion Research/Let Freedom Ring (R)",2012-10-30
"1055","VA",47,48,"JZ Analytics/Newsmax",2012-10-30
"1056","VA",49,47,"Quinnipiac/NYT/CBS",2012-10-28
"1057","VA",49,46,"Garin-Hart-Yang (D-Priorities USA Action)",2012-10-27
"1058","VA",48,48,"Gravis Marketing",2012-10-26
"1059","VA",44,50,"Roanoke College",2012-10-26
"1060","VA",51,47,"Washington Post",2012-10-26
"1061","VA",48,48,"JZ Analytics/Newsmax",2012-10-25
"1062","VA",47,47,"Purple Strategies",2012-10-25
"1063","VA",48,50,"Rasmussen",2012-10-24
"1064","VA",51,46,"PPP (D-Health Care for America Now)",2012-10-24
"1065","VA",44,46,"FOX",2012-10-24
"1066","VA",46,45,"Mellman (D-Americans United for Change)",2012-10-21
"1067","VA",47,49,"Wenzel Strategies (R-Citizens United)",2012-10-20
"1068","VA",49,47,"PPP (D-Health Care for America Now)",2012-10-19
"1069","VA",47,50,"Rasmussen",2012-10-18
"1070","VA",50,43,"ODU/Virginian-Pilot",2012-10-17
"1071","VA",49,48,"PPP (D-LCV)",2012-10-16
"1072","VA",47,46,"Pulse Opinion Research/Let Freedom Ring (R)",2012-10-15
"1073","VA",47,48,"ARG",2012-10-14
"1074","VA",47,49,"Rasmussen",2012-10-11
"1075","VA",46,45,"YouGov",2012-10-11
"1076","VA",44,51,"McLaughlin (R-Allen)",2012-10-09
"1077","VA",47,48,"NBC/WSJ/Marist",2012-10-09
"1078","VA",51,46,"Quinnipiac/NYT/CBS",2012-10-09
"1079","VA",48,48,"Pulse Opinion Research/Let Freedom Ring (R)",2012-10-08
"1080","VA",50,47,"PPP (D)",2012-10-07
"1081","VA",48,49,"Rasmussen",2012-10-04
"1082","VA",45,48,"We Ask America",2012-10-04
"1083","VA",48,47,"Pulse Opinion Research/Let Freedom Ring (R)",2012-10-01
"1084","VA",48,46,"NBC/WSJ/Marist",2012-10-01
"1085","VA",47,39,"Roanoke College",2012-09-28
"1086","VA",49,47,"ARG",2012-09-27
"1087","VA",46,44,"Suffolk/NBC12",2012-09-26
"1088","VA",49,43,"PPP (D)/NRDC",2012-09-19
"1089","VA",46,43,"Purple Strategies",2012-09-19
"1090","VA",49,42,"FOX",2012-09-18
"1091","VA",49,46,"We Ask America",2012-09-17
"1092","VA",50,46,"Quinnipiac/NYT/CBS",2012-09-17
"1093","VA",51,46,"PPP (D)",2012-09-16
"1094","VA",52,44,"Washington Post",2012-09-16
"1095","VA",48,44,"YouGov",2012-09-14
"1096","VA",49,48,"Rasmussen",2012-09-13
"1097","VA",49,44,"NBC/WSJ/Marist",2012-09-11
"1098","VA",44,49,"Gravis Marketing",2012-09-09
"1099","VA",47,47,"Rasmussen",2012-08-23
"1100","VA",50,45,"PPP (D)",2012-08-19
"1101","VA",45,48,"Purple Strategies",2012-08-14
"1102","VA",48,46,"Rasmussen",2012-08-07
"1103","VA",49,45,"Quinnipiac/NYT/CBS",2012-08-06
"1104","VA",47,46,"Rasmussen",2012-07-17
"1105","VA",44,44,"Quinnipiac",2012-07-16
"1106","VA",46,44,"Purple Strategies",2012-07-13
"1107","VA",50,42,"PPP (D)",2012-07-08
"1108","VA",46,43,"Garin-Hart-Yang (D-Priorities USA)",2012-07-03
"1109","VA",43,48,"We Ask America",2012-06-25
"1110","VA",49,42,"ODU/Virginian-Pilot",2012-06-15
"1111","VA",49,46,"Purple Strategies",2012-06-05
"1112","VA",47,42,"Quinnipiac",2012-06-04
"1113","VA",47,47,"Rasmussen",2012-06-03
"1114","VA",48,44,"NBC/Marist",2012-05-20
"1115","VA",51,44,"Washington Post",2012-05-02
"1116","VA",51,43,"PPP (D)",2012-04-29
"1117","VA",44,45,"Rasmussen",2012-04-23
"1118","VA",48,46,"Purple Strategies",2012-04-23
"1119","VA",40,46,"Roanoke College",2012-04-05
"1120","VA",51,42,"Rasmussen",2012-03-20
"1121","VA",50,42,"Quinnipiac",2012-03-18
"1122","VA",52,35,"NBC/Marist",2012-03-02
"1123","VA",42,43,"Roanoke College",2012-02-26
"1124","VA",49,43,"Rasmussen",2012-02-21
"1125","VA",43,46,"Christopher Newport /Times Dispatch",2012-02-13
"1126","VA",47,43,"Quinnipiac",2012-02-06
"1127","VA",45,44,"Mason-Dixon",2012-01-18
"1128","VA",42,44,"Quinnipiac",2011-12-19
"1129","VA",48,42,"PPP (D)",2011-12-13
"1130","VA",47,42,"Quinnipiac",2011-10-09
"1131","VA",42,46,"Christopher Newport /Times Dispatch",2011-10-08
"1132","VA",51,40,"PPP (D)",2011-05-08
"1133","VA",50,44,"Washington Post",2011-05-04
"1134","VA",48,42,"PPP (D)",2011-02-27
"1135","VA",48,43,"PPP (D)",2010-11-13
"1136","WA",53,46,"PPP (D)",2012-11-03
"1137","WA",54,40,"YouGov",2012-11-03
"1138","WA",54,40,"SurveyUSA",2012-10-31
"1139","WA",57,36,"University of Washington/KCTS9",2012-10-31
"1140","WA",52,39,"Strategies 360 (D)",2012-10-20
"1141","WA",50,45,"PPP (D-Washington Conservation Voters)",2012-10-16
"1142","WA",52,43,"University of Washington/KCTS9",2012-10-16
"1143","WA",55,42,"Rasmussen",2012-10-14
"1144","WA",54,40,"SurveyUSA",2012-10-14
"1145","WA",56,39,"YouGov",2012-10-11
"1146","WA",56,36,"SurveyUSA",2012-09-30
"1147","WA",52,41,"Rasmussen",2012-09-26
"1148","WA",56,39,"Gravis Marketing",2012-09-22
"1149","WA",53,39,"YouGov",2012-09-14
"1150","WA",53,36,"Elway",2012-09-12
"1151","WA",54,38,"SurveyUSA",2012-09-09
"1152","WA",46,36,"Moore Information (R)",2012-08-07
"1153","WA",54,37,"SurveyUSA",2012-08-02
"1154","WA",46,37,"SurveyUSA",2012-07-18
"1155","WA",54,41,"PPP (D)",2012-06-17
"1156","WA",49,41,"Elway",2012-06-16
"1157","WA",50,36,"SurveyUSA",2012-05-09
"1158","WA",53,38,"PPP (D)",2012-02-19
"1159","WA",50,39,"SurveyUSA",2012-02-15
"1160","WA",49,38,"Elway",2012-02-09
"1161","WA",50,39,"SurveyUSA",2012-01-16
"1162","WA",49,41,"SurveyUSA",2011-11-23
"1163","WA",50,41,"University of Washington",2011-10-30
"1164","WV",38,52,"R.L. Repass & Partners",2012-08-25
"1165","WV",37,54,"R.L. Repass & Partners",2012-04-28
"1166","WV",33,54,"PPP (D)",2011-10-02
"1167","WV",37,49,"PPP (D)",2011-09-04
"1168","WV",37,50,"PPP (D)",2011-01-23
"1169","WI",51,48,"PPP (D)",2012-11-03
"1170","WI",53,46,"Angus-Reid",2012-11-03
"1171","WI",50,46,"YouGov",2012-11-03
"1172","WI",48,42,"Grove Insight (D-Project New America/USAction)",2012-11-02
"1173","WI",52,45,"We Ask America",2012-11-01
"1174","WI",49,47,"Wenzel Strategies (R-Citizens United)",2012-10-31
"1175","WI",49,48,"Pulse Opinion Research/Let Freedom Ring (R)",2012-10-30
"1176","WI",51,46,"PPP (D-Health Care for America Now)",2012-10-30
"1177","WI",49,49,"Rasmussen",2012-10-29
"1178","WI",49,46,"NBC/WSJ/Marist",2012-10-29
"1179","WI",52,43,"St Norbert",2012-10-29
"1180","WI",51,43,"Marquette Law School",2012-10-28
"1181","WI",49,49,"Rasmussen",2012-10-25
"1182","WI",48,43,"Grove Insight (D-Project New America)",2012-10-25
"1183","WI",51,45,"PPP (D-Health Care for America Now)",2012-10-24
"1184","WI",51,46,"Angus-Reid",2012-10-20
"1185","WI",50,48,"Rasmussen",2012-10-18
"1186","WI",47,44,"Grove Insight (D-Project New America)",2012-10-18
"1187","WI",51,45,"NBC/WSJ/Marist",2012-10-17
"1188","WI",48,46,"Mason-Dixon",2012-10-17
"1189","WI",50,47,"Pulse Opinion Research/Let Freedom Ring (R)",2012-10-15
"1190","WI",49,48,"Marquette Law School",2012-10-14
"1191","WI",51,47,"YouGov",2012-10-11
"1192","WI",51,49,"Rasmussen",2012-10-09
"1193","WI",50,47,"Quinnipiac/NYT/CBS",2012-10-09
"1194","WI",50,46,"Pulse Opinion Research/Let Freedom Ring (R)",2012-10-08
"1195","WI",49,47,"PPP (D)",2012-10-06
"1196","WI",51,44,"Pulse Opinion Research/Let Freedom Ring (R)",2012-10-01
"1197","WI",49,39,"JZ Analytics",2012-09-30
"1198","WI",53,42,"Marquette Law School",2012-09-30
"1199","WI",53,41,"We Ask America",2012-09-23
"1200","WI",52,45,"PPP (D)",2012-09-19
"1201","WI",50,45,"NBC/WSJ/Marist",2012-09-18
"1202","WI",49,46,"Rasmussen",2012-09-17
"1203","WI",51,45,"Quinnipiac/NYT/CBS",2012-09-17
"1204","WI",54,40,"Marquette Law School",2012-09-16
"1205","WI",48,47,"YouGov",2012-09-14
"1206","WI",49,48,"PPP (D-Democracy for America)",2012-09-13
"1207","WI",49,47,"Quinnipiac/NYT/CBS",2012-08-21
"1208","WI",49,46,"Marquette Law School",2012-08-19
"1209","WI",47,48,"PPP (D)",2012-08-19
"1210","WI",47,48,"Rasmussen",2012-08-15
"1211","WI",49,45,"CNN",2012-08-14
"1212","WI",51,45,"Quinnipiac/NYT/CBS",2012-08-06
"1213","WI",50,45,"Marquette Law School",2012-08-05
"1214","WI",49,46,"Rasmussen",2012-07-25
"1215","WI",49,42,"We Ask America",2012-07-18
"1216","WI",51,43,"Marquette Law School",2012-07-08
"1217","WI",50,44,"PPP (D)",2012-07-08
"1218","WI",49,43,"Marquette Law School",2012-06-16
"1219","WI",44,47,"Rasmussen",2012-06-12
"1220","WI",48,43,"We Ask America",2012-06-03
"1221","WI",51,43,"Marquette Law School",2012-05-26
"1222","WI",49,43,"St Norbert",2012-05-22
"1223","WI",46,36,"Reason/Rupe",2012-05-20
"1224","WI",47,46,"DailyKos/PPP (D)",2012-05-13
"1225","WI",46,46,"Marquette Law School",2012-05-12
"1226","WI",49,45,"Rasmussen",2012-05-09
"1227","WI",51,42,"Marquette Law School",2012-04-29
"1228","WI",50,44,"DailyKos/PPP (D)",2012-04-15
"1229","WI",52,41,"Rasmussen",2012-03-27
"1230","WI",52,35,"NBC/Marist",2012-03-27
"1231","WI",48,43,"Marquette Law School",2012-03-25
"1232","WI",47,42,"Rasmussen",2012-02-27
"1233","WI",53,39,"PPP (D)",2012-02-26
"1234","WI",53,38,"Marquette Law School",2012-02-19
"1235","WI",48,40,"Marquette Law School",2012-01-22
"1236","WI",45,41,"Rasmussen",2011-10-26
"1237","WI",46,35,"WPRI",2011-10-26
"1238","WI",46,43,"PPP (D)",2011-10-23
"1239","WI",51,39,"PPP (D)",2011-05-22
