"state","Pollster","Obama","McCain","middate"
"AL","SurveyUSA-2",36,61,2008-10-27
"AL","Capital Survey-2",34,54,2008-10-15
"AL","SurveyUSA-2",35,62,2008-10-08
"AL","Capital Survey-2",35,55,2008-10-06
"AL","Rasmussen-1",39,60,2008-09-22
"AL","SurveyUSA-2",34,64,2008-09-16
"AL","ARG-4",36,58,2008-09-14
"AL","U. of South Alabama-8",25,52,2008-09-11
"AL","Capital Survey-7",35,55,2008-09-06
"AL","Capital Survey-7",34,47,2008-08-01
"AL","Rasmussen-1",37,55,2008-07-31
"AL","Rasmussen-1",36,51,2008-06-26
"AL","Capital Survey-2",36,49,2008-06-25
"AL","Capital Survey-5",33,57,2008-05-31
"AL","Rasmussen-1",32,60,2008-05-27
"AL","SurveyUSA-3",34,57,2008-05-17
"AL","Capital Survey-9",36,55,2008-04-20
"AL","SurveyUSA-3",32,64,2008-04-12
"AL","Rasmussen-1",37,55,2008-04-02
"AL","U. of South Alabama-4",30,57,2008-03-25
"AL","SurveyUSA-3",35,62,2008-03-15
"AL","SurveyUSA-3",40,54,2008-02-27
"AL","SurveyUSA-2",29,63,2008-01-16
"AL","Election 2004-1",37,63,2008-01-01
"AK","Research 2000-3",39,58,2008-10-29
"AK","Rasmussen-1",41,57,2008-10-28
"AK","Ivan Moore Research-3",42,53,2008-10-18
"AK","Research 2000-3",38,57,2008-10-15
"AK","Rasmussen-1",40,55,2008-10-06
"AK","Ivan Moore Research-4",38,55,2008-10-04
"AK","Fairleigh Dickinson U.-5",37,55,2008-09-19
"AK","Research 2000-3",38,55,2008-09-16
"AK","ARG-3",39,55,2008-09-10
"AK","Rasmussen-1",33,64,2008-09-09
"AK","Ivan Moore Research-4",35,54,2008-08-31
"AK","Rasmussen-1",39,44,2008-07-30
"AK","Rasmussen-1",40,45,2008-07-17
"AK","Research 2000-3",41,51,2008-07-15
"AK","Rasmussen-1",41,45,2008-06-16
"AK","Rasmussen-1",41,50,2008-05-14
"AK","Research 2000-3",42,49,2008-05-13
"AK","Rasmussen-1",43,48,2008-04-07
"AK","SurveyUSA-3",43,48,2008-02-27
"AK","Election 2004-1",35,62,2008-01-01
"AZ","ARG-3",46,50,2008-10-29
"AZ","Research 2000-3",47,48,2008-10-29
"AZ","Mason-Dixon-2",44,48,2008-10-27
"AZ","Rasmussen-1",46,51,2008-10-26
"AZ","Opinion Research-6",46,53,2008-10-25
"AZ","Arizona State U.-4",44,46,2008-10-24
"AZ","Northern Arizona U.-10",41,49,2008-10-22
"AZ","Zimmerman-4",42,44,2008-10-17
"AZ","Rasmussen-1",38,59,2008-09-29
"AZ","Arizona State U.-4",38,45,2008-09-26
"AZ","ARG-4",39,56,2008-09-12
"AZ","Arizona State U.-3",30,40,2008-08-15
"AZ","Mason-Dixon-3",41,47,2008-08-14
"AZ","Rasmussen-1",36,52,2008-07-30
"AZ","Rasmussen-1",40,49,2008-06-25
"AZ","Arizona State U.-2",28,38,2008-06-20
"AZ","Rocky Mtn Poll-9",39,50,2008-05-16
"AZ","Arizona State U.-4",38,47,2008-04-25
"AZ","Rasmussen-1",37,57,2008-04-15
"AZ","Northern Arizona U.-10",33,55,2008-04-03
"AZ","SurveyUSA-3",39,51,2008-02-27
"AZ","Arizona State U.-4",38,49,2008-02-22
"AZ","Election 2004-1",45,55,2008-01-01
"AR","ARG-4",44,51,2008-10-29
"AR","Rasmussen-1",44,54,2008-10-27
"AR","Research 2000-2",41,52,2008-10-21
"AR","U. of Arkansas-21",36,51,2008-10-11
"AR","Rasmussen-1",42,51,2008-09-22
"AR","ARG-3",41,53,2008-09-21
"AR","Rasmussen-1",37,47,2008-07-14
"AR","Rasmussen-1",41,45,2008-06-16
"AR","Rasmussen-1",39,48,2008-06-12
"AR","Rasmussen-1",33,57,2008-05-12
"AR","Rasmussen-1",30,59,2008-03-18
"AR","Opinion Res.-6",27,43,2008-03-08
"AR","SurveyUSA-3",33,53,2008-02-27
"AR","Election 2004-1",45,54,2008-01-01
"CA","SurveyUSA-3",60,36,2008-10-30
"CA","Rasmussen-1",61,34,2008-10-25
"CA","Field Poll-11",55,33,2008-10-23
"CA","SurveyUSA-2",59,35,2008-10-15
"CA","Public Policy Inst. of Calif.-8",56,33,2008-10-15
"CA","Rasmussen-1",56,40,2008-10-09
"CA","SurveyUSA-2",55,39,2008-10-04
"CA","SurveyUSA-2",53,43,2008-09-23
"CA","Rasmussen-1",56,39,2008-09-22
"CA","ARG-3",53,39,2008-09-19
"CA","Public Policy Inst. of Calif.-8",50,40,2008-09-12
"CA","Field Poll-10",52,36,2008-09-09
"CA","Rasmussen-1",51,37,2008-08-20
"CA","Pub. Policy Inst. of Calif.-8",48,39,2008-08-15
"CA","Rasmussen-1",50,38,2008-07-24
"CA","Pub. Policy Inst. of Calif.-15",50,35,2008-07-15
"CA","Field Poll-7",54,30,2008-07-11
"CA","Rasmussen-1",58,30,2008-06-23
"CA","SurveyUSA-3",53,41,2008-06-18
"CA","Field Poll-12",52,35,2008-05-21
"CA","LA Times-2",47,40,2008-05-20
"CA","Rasmussen-1",52,38,2008-05-20
"CA","SurveyUSA-3",49,41,2008-05-17
"CA","Rasmussen-1",50,43,2008-04-16
"CA","SurveyUSA-3",50,43,2008-04-12
"CA","SurveyUSA-3",54,40,2008-03-15
"CA","Public Policy Inst. of Calif.-8",49,40,2008-03-14
"CA","Rasmussen-1",53,38,2008-03-12
"CA","SurveyUSA-3",51,40,2008-02-27
"CA","SurveyUSA-3",61,34,2008-02-16
"CA","Election 2004-1",55,44,2008-01-01
"CO","ARG-3",52,45,2008-10-29
"CO","Mason-Dixon-2",49,44,2008-10-28
"CO","Marist Coll.-2",51,45,2008-10-27
"CO","Rasmussen-1",50,46,2008-10-26
"CO","Insider Advantage-1",53,45,2008-10-26
"CO","Opinion Research-6",53,45,2008-10-25
"CO","Financial Dynamics-5",48,44,2008-10-25
"CO","GfK Roper-5",50,41,2008-10-24
"CO","Public Opinion Strat.-3",52,40,2008-10-22
"CO","Insider Advantage-1",51,46,2008-10-20
"CO","Rasmussen-1",51,46,2008-10-19
"CO","Rasmussen-1",52,45,2008-10-16
"CO","Opinion Research-4",51,47,2008-10-12
"CO","Suffolk U.-4",47,43,2008-10-11
"CO","Quinnipiac U.-5",52,43,2008-10-10
"CO","Insider Advantage-1",51,45,2008-10-06
"CO","Rasmussen-1",51,45,2008-10-05
"CO","Mason-Dixon-3",44,44,2008-09-30
"CO","Rasmussen-1",49,48,2008-09-28
"CO","ARG-3",45,48,2008-09-24
"CO","Insider Advantage-1",50,41,2008-09-23
"CO","Rasmussen-1",50,47,2008-09-23
"CO","Opinion Research-3",51,47,2008-09-22
"CO","Ciruli Assoc.-5",44,43,2008-09-21
"CO","Quinnipiac U.-8",49,45,2008-09-17
"CO","Insider Advantage-1",51,41,2008-09-17
"CO","Rasmussen-1",46,48,2008-09-14
"CO","Financial Dynamics-5",45,44,2008-09-13
"CO","ARG-4",44,46,2008-09-11
"CO","Insider Advantage-2",49,46,2008-09-09
"CO","Rasmussen-1",49,46,2008-09-07
"CO","Opinion Research-3",46,47,2008-08-25
"CO","Suffolk U.-4",44,39,2008-08-22
"CO","Quinnipiac U.-7",46,47,2008-08-18
"CO","Mason-Dixon-3",46,43,2008-08-14
"CO","Rasmussen-1",45,47,2008-08-13
"CO","Rocky Mtn Poll-3",41,44,2008-08-12
"CO","Rasmussen-1",49,42,2008-07-21
"CO","Quinnipiac U.-9",44,46,2008-07-18
"CO","Quinnipiac U.-8",49,44,2008-06-20
"CO","Rasmussen-1",43,41,2008-06-17
"CO","Rasmussen-1",48,42,2008-05-19
"CO","Rasmussen-1",46,43,2008-04-16
"CO","Rasmussen-1",46,46,2008-03-17
"CO","SurveyUSA-3",50,41,2008-02-27
"CO","Election 2004-1",47,52,2008-01-01
"CT","U. of Connecticut-5",56,31,2008-10-20
"CT","Rasmussen-1",56,39,2008-10-14
"CT","SurveyUSA-2",54,38,2008-09-24
"CT","Pulsar Research-5",49,35,2008-09-21
"CT","ARG-3",54,39,2008-09-18
"CT","Rasmussen-1",53,41,2008-09-16
"CT","Rasmussen-1",51,36,2008-07-31
"CT","Research 2000-3",57,35,2008-07-01
"CT","Rasmussen-1",52,35,2008-06-30
"CT","Quinnipiac U.-4",56,35,2008-06-27
"CT","Rasmussen-1",47,44,2008-05-29
"CT","Quinnipiac U.-6",52,35,2008-03-21
"CT","Rasmussen-1",50,38,2008-03-11
"CT","SurveyUSA-3",55,34,2008-02-27
"CT","Election 2004-1",54,44,2008-01-01
"DC","ARG-3",82,13,2008-09-12
"DC","Election 2004-1",90,9,2008-01-01
"DE","SurveyUSA-2",63,33,2008-10-27
"DE","Rasmussen-1",56,41,2008-10-10
"DE","West Chester U.-3",56,38,2008-10-07
"DE","SurveyUSA-2",57,37,2008-09-22
"DE","Fairleigh Dickinson U.-5",56,36,2008-09-19
"DE","ARG-3",51,40,2008-09-14
"DE","Rasmussen-1",55,43,2008-09-13
"DE","SurveyUSA-3",50,41,2008-02-27
"DE","Election 2004-1",53,46,2008-01-01
"FL","Zogby-4",48,46,2008-10-31
"FL","ARG-3",50,46,2008-10-30
"FL","Mason-Dixon-2",47,45,2008-10-29
"FL","Datamar-2",47,47,2008-10-29
"FL","Rasmussen-1",51,47,2008-10-26
"FL","LA Times-3",50,43,2008-10-26
"FL","Datamar-2",49,44,2008-10-25
"FL","Opinion Research-6",51,47,2008-10-25
"FL","Financial Dynamics-5",45,44,2008-10-25
"FL","Zogby-4",47,47,2008-10-24
"FL","Suffolk U.-4",49,44,2008-10-24
"FL","GfK Roper-5",45,43,2008-10-24
"FL","Quinnipiac U.-5",47,45,2008-10-24
"FL","Insider Advantage-1",48,47,2008-10-22
"FL","Polling Company-3",49,42,2008-10-21
"FL","Mason-Dixon-2",45,46,2008-10-20
"FL","Rasmussen-1",48,49,2008-10-19
"FL","Quinnipiac U.-6",49,44,2008-10-18
"FL","SurveyUSA-2",47,49,2008-10-16
"FL","Research 2000-3",49,45,2008-10-14
"FL","Insider Advantage-1",48,44,2008-10-13
"FL","Datamar-2",47,42,2008-10-12
"FL","Opinion Research-4",51,46,2008-10-12
"FL","Rasmussen-1",51,46,2008-10-12
"FL","Rasmussen-1",50,47,2008-10-08
"FL","Research 2000-3",49,44,2008-10-07
"FL","Rasmussen-1",52,45,2008-10-05
"FL","Mason-Dixon-3",48,46,2008-10-05
"FL","Insider Advantage-1",49,46,2008-09-30
"FL","Opinion Research-3",51,47,2008-09-29
"FL","Suffolk U.-4",46,42,2008-09-28
"FL","Rasmussen-1",47,47,2008-09-28
"FL","Quinnipiac U.-3",51,43,2008-09-28
"FL","SurveyUSA-2",47,48,2008-09-27
"FL","Rasmussen-1",47,48,2008-09-24
"FL","ARG-3",47,46,2008-09-24
"FL","Rasmussen-1",46,51,2008-09-21
"FL","Mason-Dixon-3",47,45,2008-09-17
"FL","SurveyUSA-2",45,51,2008-09-16
"FL","Research 2000-4",45,46,2008-09-16
"FL","Schroth/Polling Co.-4",45,47,2008-09-15
"FL","ARG-4",46,46,2008-09-15
"FL","Opinion Research-3",48,48,2008-09-15
"FL","Rasmussen-1",44,49,2008-09-14
"FL","Financial Dynamics-5",44,44,2008-09-13
"FL","Research 2000-7",45,46,2008-09-12
"FL","Insider Advantage-2",42,50,2008-09-09
"FL","Rasmussen-1",48,48,2008-09-07
"FL","Quinnipiac U.-5",43,50,2008-09-07
"FL","Mason-Dixon-2",45,44,2008-08-25
"FL","Quinnipiac U.-8",43,47,2008-08-20
"FL","ARG-3",46,47,2008-08-19
"FL","Rasmussen-1",43,46,2008-08-18
"FL","Insider Advantage-1",44,48,2008-08-11
"FL","SurveyUSA-3",44,50,2008-08-02
"FL","Quinnipiac U.-7",46,44,2008-07-26
"FL","Rasmussen-1",46,45,2008-07-22
"FL","ARG-3",45,47,2008-07-20
"FL","Rasmussen-1",41,48,2008-06-26
"FL","Rasmussen-1",39,47,2008-06-18
"FL","ARG-5",49,44,2008-06-15
"FL","Quinnipiac U.-8",47,43,2008-06-12
"FL","Rasmussen-1",40,50,2008-05-19
"FL","Quinnipiac U.-8",41,45,2008-05-16
"FL","Quinnipiac U.-7",43,44,2008-04-26
"FL","Rasmussen-1",38,53,2008-04-10
"FL","Quinnipiac U.-8",37,46,2008-03-27
"FL","Rasmussen-1",43,47,2008-03-12
"FL","SurveyUSA-3",45,47,2008-02-27
"FL","Rasmussen-1",37,53,2008-02-16
"FL","Election 2004-1",47,52,2008-01-01
"GA","Rasmussen-1",47,52,2008-10-30
"GA","Research 2000-3",44,47,2008-10-29
"GA","Insider Advantage-1",47,48,2008-10-27
"GA","Opinion Research-6",47,52,2008-10-25
"GA","Insider Advantage-1",48,47,2008-10-23
"GA","Mason-Dixon-2",43,49,2008-10-22
"GA","Rasmussen-1",46,51,2008-10-22
"GA","Research 2000-2",43,49,2008-10-14
"GA","Opinion Research-4",45,53,2008-10-12
"GA","SurveyUSA-2",43,51,2008-10-11
"GA","Insider Advantage-1",46,49,2008-10-09
"GA","Rasmussen-1",45,54,2008-10-07
"GA","Insider Advantage-1",44,50,2008-09-30
"GA","Research 2000-3",43,50,2008-09-30
"GA","SurveyUSA-2",44,52,2008-09-28
"GA","ARG-4",39,57,2008-09-19
"GA","Insider Advantage-1",43,51,2008-09-17
"GA","Rasmussen-1",43,54,2008-09-16
"GA","SurveyUSA-3",41,57,2008-09-15
"GA","Insider Advantage-1",38,56,2008-09-10
"GA","Rasmussen-1",43,50,2008-08-14
"GA","Rasmussen-1",39,48,2008-07-17
"GA","Insider Advantage-1",44,46,2008-07-02
"GA","Rasmussen-1",43,53,2008-06-26
"GA","Insider Advantage-1",43,44,2008-06-18
"GA","Rasmussen-1",41,51,2008-06-04
"GA","Rasmussen-1",39,53,2008-05-06
"GA","Rasmussen-1",40,53,2008-03-20
"GA","SurveyUSA-3",41,54,2008-02-27
"GA","Election 2004-1",41,58,2008-01-01
"HI","Rasmussen-1",68,27,2008-09-20
"HI","ARG-6",63,32,2008-09-09
"HI","SurveyUSA-3",61,31,2008-02-27
"HI","Election 2004-1",54,45,2008-01-01
"ID","Research 2000-2",33,62,2008-09-16
"ID","Rasmussen-1",29,68,2008-09-09
"ID","ARG-3",25,68,2008-09-09
"ID","Greg Smith-5",29,52,2008-08-20
"ID","Research 2000-3",37,53,2008-07-29
"ID","SurveyUSA-3",39,52,2008-02-27
"ID","Election 2004-1",30,69,2008-01-01
"IL","Rasmussen-1",60,38,2008-11-01
"IL","Research 2000-4",59,35,2008-10-21
"IL","U. of Wisconsin-4",61,32,2008-10-20
"IL","Market Shares-3",56,32,2008-10-17
"IL","Rasmussen-1",56,39,2008-10-13
"IL","Rasmussen-1",56,40,2008-09-17
"IL","Research 2000-4",56,36,2008-09-16
"IL","U. of Wisconsin-4",53,37,2008-09-15
"IL","ARG-4",51,45,2008-09-14
"IL","Rasmussen-1",53,38,2008-08-12
"IL","Rasmussen-1",50,37,2008-07-08
"IL","SurveyUSA-3",60,31,2008-02-27
"IL","Election 2004-1",55,45,2008-01-01
"IN","Zogby-4",44,49,2008-10-31
"IN","ARG-4",48,48,2008-10-29
"IN","Rasmussen-2",46,49,2008-10-28
"IN","SurveyUSA-4",47,47,2008-10-28
"IN","Selzer-3",46,45,2008-10-27
"IN","Zogby-4",44,50,2008-10-24
"IN","Research 2000-3",48,47,2008-10-24
"IN","Howey-Gauge-2",45,47,2008-10-23
"IN","SurveyUSA-2",49,45,2008-10-21
"IN","U. of Wisconsin-4",51,41,2008-10-20
"IN","Rasmussen-1",43,50,2008-10-07
"IN","Opinion Research-4",46,51,2008-10-04
"IN","Research 2000-5",46,46,2008-10-01
"IN","Research 2000-3",45,46,2008-09-29
"IN","SurveyUSA-2",45,48,2008-09-28
"IN","Rasmussen-2",47,49,2008-09-17
"IN","ARG-4",44,47,2008-09-16
"IN","U. of Wisconsin-4",43,47,2008-09-15
"IN","Opinion Research-3",45,51,2008-09-15
"IN","Selzer-3",47,44,2008-09-15
"IN","Howey-Gauge-2",43,45,2008-08-29
"IN","Rasmussen-3",42,46,2008-08-20
"IN","SurveyUSA-3",44,50,2008-08-17
"IN","SurveyUSA-3",48,47,2008-06-22
"IN","Ind. Legis. Insight-6",38,47,2008-05-29
"IN","Research 2000-4",43,51,2008-04-22
"IN","Selzer-4",49,41,2008-04-21
"IN","IPFW U.-3",44,51,2008-04-15
"IN","SurveyUSA-3",41,50,2008-02-27
"IN","SurveyUSA-2",40,50,2008-02-03
"IN","Election 2004-1",39,60,2008-01-01
"IA","Selzer-4",54,37,2008-10-29
"IA","SurveyUSA-2",55,40,2008-10-28
"IA","Research 2000-3",53,39,2008-10-28
"IA","Marist Coll.-2",52,42,2008-10-23
"IA","Rasmussen-1",52,44,2008-10-23
"IA","Mason-Dixon-2",51,40,2008-10-22
"IA","U. of Wisconsin-4",52,39,2008-10-20
"IA","Research 2000-4",54,39,2008-10-20
"IA","SurveyUSA-2",54,41,2008-10-08
"IA","Research 2000-2",55,39,2008-09-29
"IA","Rasmussen-1",51,43,2008-09-25
"IA","Marist Coll.-4",51,41,2008-09-19
"IA","ARG-4",51,44,2008-09-18
"IA","SurveyUSA-2",54,43,2008-09-17
"IA","Research 2000-3",53,39,2008-09-16
"IA","U. of Wisconsin-4",45,45,2008-09-15
"IA","Selzer-3",52,40,2008-09-09
"IA","Opinion Research-3",55,40,2008-09-01
"IA","U. of Iowa-10",50,43,2008-08-08
"IA","Rasmussen-1",46,41,2008-08-07
"IA","Rasmussen-1",51,41,2008-07-10
"IA","SurveyUSA-4",49,45,2008-06-14
"IA","Rasmussen-1",45,38,2008-06-10
"IA","SurveyUSA-2",47,38,2008-05-21
"IA","Rasmussen-1",44,42,2008-05-13
"IA","Research 2000-3",49,41,2008-04-22
"IA","SurveyUSA-3",49,42,2008-04-12
"IA","Rasmussen-1",46,42,2008-03-31
"IA","SurveyUSA-3",50,44,2008-03-15
"IA","SurveyUSA-3",50,41,2008-02-27
"IA","Rasmussen-1",44,41,2008-02-18
"IA","SurveyUSA-3",51,41,2008-02-16
"IA","Election 2004-1",49,50,2008-01-01
"KS","SurveyUSA-2",37,58,2008-10-27
"KS","SurveyUSA-2",41,53,2008-10-21
"KS","Rasmussen-1",41,54,2008-10-13
"KS","SurveyUSA-2",41,53,2008-09-21
"KS","Rasmussen-1",38,58,2008-09-18
"KS","ARG-4",31,63,2008-09-08
"KS","SurveyUSA-3",35,58,2008-08-19
"KS","Rasmussen-1",37,52,2008-08-11
"KS","Rasmussen-1",32,52,2008-07-14
"KS","Rasmussen-1",37,47,2008-06-11
"KS","Research 2000-3",40,51,2008-06-03
"KS","SurveyUSA-3",39,49,2008-05-17
"KS","Rasmussen-1",34,55,2008-05-13
"KS","SurveyUSA-3",37,54,2008-04-12
"KS","SurveyUSA-3",39,51,2008-03-15
"KS","SurveyUSA-3",41,50,2008-02-27
"KS","SurveyUSA-3",44,50,2008-02-16
"KS","Election 2004-1",37,62,2008-01-01
"KY","SurveyUSA-4",40,56,2008-10-30
"KY","Rasmussen-1",43,55,2008-10-29
"KY","Research 2000-3",39,56,2008-10-28
"KY","Mason-Dixon-3",42,51,2008-10-28
"KY","Rasmussen-1",44,52,2008-10-21
"KY","Research 2000-3",39,55,2008-10-20
"KY","SurveyUSA-3",41,54,2008-10-19
"KY","Research 2000-3",39,53,2008-10-15
"KY","Rasmussen-1",42,52,2008-09-30
"KY","Mason-Dixon-4",41,53,2008-09-23
"KY","SurveyUSA-2",38,57,2008-09-21
"KY","Research 2000-3",37,55,2008-09-16
"KY","ARG-5",37,57,2008-09-10
"KY","SurveyUSA-3",37,55,2008-08-10
"KY","Rasmussen-1",39,49,2008-07-29
"KY","Research 2000-3",35,56,2008-07-29
"KY","Rasmussen-10",39,49,2008-07-24
"KY","Rasmussen-1",35,51,2008-06-25
"KY","SurveyUSA-4",41,53,2008-06-14
"KY","SurveyUSA-3",32,56,2008-05-17
"KY","Research 2000-3",33,58,2008-05-08
"KY","SurveyUSA-3",29,63,2008-04-12
"KY","SurveyUSA-3",28,64,2008-03-15
"KY","SurveyUSA-3",33,54,2008-02-27
"KY","SurveyUSA-2",32,61,2008-02-03
"KY","Election 2004-1",40,60,2008-01-01
"LA","Loyola U.-3",40,43,2008-10-25
"LA","Southeastern La. U.-4",38,51,2008-10-21
"LA","Rasmussen-1",41,57,2008-10-21
"LA","Rasmussen-1",40,55,2008-09-25
"LA","ARG-4",43,50,2008-09-10
"LA","Rasmussen-1",38,55,2008-08-17
"LA","Rasmussen-1",37,56,2008-07-09
"LA","Opinion Res.-3",36,52,2008-06-27
"LA","Rasmussen-1",41,50,2008-05-28
"LA","Rasmussen-1",41,52,2008-04-09
"LA","Opinion Res.-15",35,51,2008-04-02
"LA","SurveyUSA-3",39,54,2008-02-27
"LA","Election 2004-1",42,57,2008-01-01
"ME","Rasmussen-1",56,43,2008-11-01
"ME","SurveyUSA-2",54,39,2008-10-19
"ME","Critical Insights-4",56,35,2008-10-17
"ME","Research 2000-2",53,38,2008-10-14
"ME","Pan Atlantic SMS-4",51,39,2008-10-14
"ME","Rasmussen-1",51,46,2008-10-02
"ME","SurveyUSA-2",49,44,2008-09-22
"ME","Rasmussen-1",50,46,2008-09-17
"ME","ARG-3",51,41,2008-09-09
"ME","Research 2000-3",52,38,2008-09-09
"ME","Rasmussen-1",49,36,2008-08-12
"ME","Rasmussen-1",46,36,2008-07-17
"ME","Rasmussen-1",55,33,2008-06-16
"ME","Pan Atlantic SMS-9",37,26,2008-06-14
"ME","Critical Insights-27",51,31,2008-06-14
"ME","Rasmussen-1",51,38,2008-05-14
"ME","Rasmussen-1",49,39,2008-04-01
"ME","SurveyUSA-3",53,39,2008-02-27
"ME","Election 2004-1",53,45,2008-01-01
"MD","Rasmussen-1",60,37,2008-09-20
"MD","ARG-3",54,39,2008-09-18
"MD","Gonzales Research-8",52,38,2008-09-01
"MD","Rasmussen-1",53,41,2008-08-18
"MD","SurveyUSA-3",53,40,2008-02-27
"MD","Gonzales Res.-8",51,37,2008-02-26
"MD","Election 2004-1",56,43,2008-01-01
"MA","SurveyUSA-2",56,39,2008-10-27
"MA","Suffolk U.-3",53,34,2008-10-21
"MA","SurveyUSA-2",59,35,2008-10-13
"MA","Rasmussen-1",62,34,2008-10-13
"MA","Rasmussen-1",58,38,2008-09-23
"MA","SurveyUSA-2",55,39,2008-09-22
"MA","ARG-3",55,39,2008-09-21
"MA","Rasmussen-1",51,36,2008-08-05
"MA","Suffolk U.-4",47,38,2008-08-01
"MA","Rasmussen-1",53,33,2008-06-30
"MA","SurveyUSA-3",53,40,2008-06-26
"MA","Suffolk U.-3",53,30,2008-06-09
"MA","Rasmussen-1",51,38,2008-05-29
"MA","SurveyUSA-3",46,41,2008-05-17
"MA","Rasmussen-1",51,39,2008-04-23
"MA","SurveyUSA-3",48,46,2008-04-12
"MA","Rasmussen-1",49,42,2008-03-18
"MA","SurveyUSA-3",47,47,2008-03-15
"MA","SurveyUSA-3",49,42,2008-02-27
"MA","SurveyUSA-3",48,46,2008-02-16
"MA","Election 2004-1",62,37,2008-01-01
"MI","Selzer-4",53,37,2008-10-29
"MI","Rasmussen-1",53,43,2008-10-28
"MI","EPIC-MRA-3",50,38,2008-10-27
"MI","EPIC-MRA-4",51,37,2008-10-20
"MI","U. of Wisconsin-4",58,36,2008-10-20
"MI","Quinnipiac U.-5",54,38,2008-10-10
"MI","Rasmussen-1",56,40,2008-10-08
"MI","Selzer-3",51,38,2008-09-23
"MI","Opinion Research-3",51,46,2008-09-22
"MI","Rasmussen-1",51,44,2008-09-21
"MI","EPIC-MRA-3",48,38,2008-09-21
"MI","Mason-Dixon-6",46,46,2008-09-20
"MI","Financial Dynamics-5",47,39,2008-09-20
"MI","ARG-4",48,46,2008-09-17
"MI","Quinnipiac U.-8",48,44,2008-09-17
"MI","Marketing Resource Grp.-5",43,46,2008-09-17
"MI","Marist Coll.-2",52,43,2008-09-16
"MI","EPIC-MRA-4",43,42,2008-09-15
"MI","U. of Wisconsin-4",48,44,2008-09-15
"MI","Rasmussen-1",51,46,2008-09-10
"MI","Insider Advantage-2",44,45,2008-09-09
"MI","Opinion Research-3",49,45,2008-09-08
"MI","EPIC-MRA-4",43,41,2008-08-19
"MI","Selzer-4",46,39,2008-08-18
"MI","Rasmussen-1",47,40,2008-08-07
"MI","Quinnipiac U.-9",46,42,2008-07-18
"MI","EPIC-MRA-4",43,41,2008-07-14
"MI","Rasmussen-1",50,42,2008-07-10
"MI","Quinnipiac U.-8",48,42,2008-06-20
"MI","Rasmussen-1",45,42,2008-06-09
"MI","SurveyUSA-2",37,41,2008-05-27
"MI","EPIC-MRA-4",40,44,2008-05-20
"MI","Rasmussen-1",44,45,2008-05-08
"MI","Rasmussen-1",44,45,2008-05-07
"MI","EPIC-MRA-6",43,41,2008-04-05
"MI","Rasmussen-1",42,43,2008-03-25
"MI","Rasmussen-1",41,44,2008-03-10
"MI","SurveyUSA-3",46,45,2008-02-27
"MI","Election 2004-1",51,48,2008-01-01
"MN","SurveyUSA-3",49,46,2008-10-31
"MN","Princeton Survey-3",53,42,2008-10-30
"MN","Rasmussen-1",55,43,2008-10-28
"MN","Research 2000-3",53,38,2008-10-28
"MN","Mason-Dixon-2",48,40,2008-10-27
"MN","U. of Minnesota-5",56,37,2008-10-26
"MN","Rasmussen-1",56,41,2008-10-22
"MN","U. of Wisconsin-4",57,38,2008-10-20
"MN","Financial Dynamics-5",50,40,2008-10-18
"MN","St. Cloud State U.-9",42,37,2008-10-18
"MN","SurveyUSA-3",50,44,2008-10-17
"MN","Princeton Survey-2",52,41,2008-10-16
"MN","Star Tribune-2",52,41,2008-10-16
"MN","Research 2000-2",52,39,2008-10-15
"MN","Quinnipiac U.-5",51,40,2008-10-10
"MN","Rasmussen-1",52,45,2008-10-07
"MN","SurveyUSA-2",49,47,2008-10-06
"MN","ARG-4",47,46,2008-10-05
"MN","U. of Minnesota-3",54,40,2008-10-04
"MN","Princeton Survey-3",55,37,2008-10-01
"MN","SurveyUSA-2",46,47,2008-09-30
"MN","Opinion Research-3",54,43,2008-09-29
"MN","ARG-3",48,47,2008-09-19
"MN","Rasmussen-1",52,44,2008-09-18
"MN","Quinnipiac U.-8",47,45,2008-09-17
"MN","U. of Wisconsin-4",47,45,2008-09-15
"MN","Princeton Survey-3",45,45,2008-09-11
"MN","SurveyUSA-2",49,47,2008-09-10
"MN","Opinion Research-3",53,41,2008-09-01
"MN","SurveyUSA-2",47,45,2008-08-13
"MN","Rasmussen-1",46,42,2008-08-13
"MN","U. of Minnesota-11",48,38,2008-08-12
"MN","Rasmussen-1",49,37,2008-07-22
"MN","Quinnipiac U.-9",46,44,2008-07-18
"MN","Rasmussen-1",52,34,2008-07-10
"MN","Quinnipiac U.-8",54,37,2008-06-20
"MN","SurveyUSA-4",47,46,2008-06-14
"MN","Rasmussen-1",52,39,2008-06-11
"MN","Rasmussen-1",53,38,2008-05-22
"MN","SurveyUSA-3",47,42,2008-05-17
"MN","Star Tribune-4",51,38,2008-05-13
"MN","Rasmussen-1",52,38,2008-04-22
"MN","SurveyUSA-3",49,43,2008-04-12
"MN","Rasmussen-1",47,43,2008-03-19
"MN","SurveyUSA-3",46,47,2008-03-15
"MN","SurveyUSA-3",49,42,2008-02-27
"MN","Rasmussen-1",53,38,2008-02-16
"MN","SurveyUSA-3",55,40,2008-02-16
"MN","Election 2004-1",51,48,2008-01-01
"MS","Research 2000-3",40,53,2008-10-28
"MS","Rasmussen-1",45,53,2008-10-27
"MS","U. of South Alabama-11",33,46,2008-10-18
"MS","USA Polling Group-11",33,46,2008-10-18
"MS","Research 2000-2",40,50,2008-10-14
"MS","Rasmussen-1",44,52,2008-09-30
"MS","ARG-4",39,55,2008-09-14
"MS","Research 2000-3",39,52,2008-09-09
"MS","Rasmussen-1",41,54,2008-08-21
"MS","Rasmussen-1",41,52,2008-07-28
"MS","Research 2000-3",42,51,2008-07-22
"MS","Rasmussen-1",44,50,2008-06-24
"MS","Rasmussen-1",44,50,2008-05-27
"MS","Research 2000-3",39,54,2008-05-20
"MS","SurveyUSA-3",41,54,2008-02-27
"MS","Election 2004-1",40,60,2008-01-01
"MO","Zogby-4",47,46,2008-10-31
"MO","Mason-Dixon-2",46,47,2008-10-29
"MO","Insider Advantage-1",47,50,2008-10-29
"MO","ARG-3",48,48,2008-10-29
"MO","Rasmussen-1",48,47,2008-10-26
"MO","SurveyUSA-2",48,48,2008-10-25
"MO","Opinion Research-6",48,50,2008-10-25
"MO","Zogby-4",48,46,2008-10-24
"MO","Mason-Dixon-2",45,46,2008-10-22
"MO","Research 2000-4",48,47,2008-10-21
"MO","Rasmussen-1",49,44,2008-10-19
"MO","Suffolk U.-3",44,45,2008-10-18
"MO","Rasmussen-1",52,46,2008-10-15
"MO","Opinion Research-4",48,49,2008-10-12
"MO","Rasmussen-1",50,47,2008-10-12
"MO","SurveyUSA-2",51,43,2008-10-11
"MO","Rasmussen-1",50,47,2008-10-05
"MO","ARG-3",46,49,2008-10-05
"MO","Opinion Research-3",49,48,2008-09-29
"MO","SurveyUSA-2",46,48,2008-09-23
"MO","Research 2000-3",46,47,2008-09-23
"MO","Research 2000-4",45,49,2008-09-16
"MO","ARG-5",45,50,2008-09-13
"MO","Rasmussen-1",46,51,2008-09-11
"MO","Opinion Research-3",45,50,2008-09-08
"MO","Rasmussen-1",41,48,2008-08-07
"MO","SurveyUSA-3",44,49,2008-07-30
"MO","Research 2000-4",48,43,2008-07-08
"MO","Rasmussen-1",42,47,2008-07-07
"MO","SurveyUSA-3",43,50,2008-06-21
"MO","Rasmussen-1",43,42,2008-06-03
"MO","SurveyUSA-3",45,43,2008-05-17
"MO","Rasmussen-1",41,47,2008-05-06
"MO","SurveyUSA-3",42,50,2008-04-12
"MO","Rasmussen-1",38,53,2008-03-24
"MO","SurveyUSA-3",39,53,2008-03-15
"MO","SurveyUSA-3",42,48,2008-02-27
"MO","SurveyUSA-3",49,43,2008-02-16
"MO","Rasmussen-1",40,42,2008-02-12
"MO","Election 2004-1",46,53,2008-01-01
"MT","Rasmussen-1",46,50,2008-10-29
"MT","Research 2000-3",44,48,2008-10-29
"MT","ARG-3",46,49,2008-10-29
"MT","Mason-Dixon-3",44,48,2008-10-24
"MT","Montana State U.-5",44,40,2008-10-18
"MT","Research 2000-2",45,49,2008-10-15
"MT","ARG-3",45,50,2008-10-07
"MT","Rasmussen-1",44,52,2008-10-01
"MT","Research 2000-3",39,52,2008-09-23
"MT","Opinion Research-3",43,54,2008-09-22
"MT","Rasmussen-1",42,53,2008-09-08
"MT","ARG-3",47,49,2008-09-08
"MT","Rasmussen-1",44,45,2008-07-29
"MT","Rasmussen-1",48,43,2008-07-01
"MT","Mason-Dixon-3",39,47,2008-05-20
"MT","Rasmussen-1",43,48,2008-04-06
"MT","SurveyUSA-3",39,47,2008-02-27
"MT","Election 2004-1",39,59,2008-01-01
"NE","Rasmussen-1",37,56,2008-09-30
"NE","ARG-6",34,60,2008-09-14
"NE","Rasmussen-1",32,50,2008-07-28
"NE","Rasmussen-1",36,52,2008-06-23
"NE","Research 2000-3",29,57,2008-05-20
"NE","SurveyUSA-3",40,49,2008-05-17
"NE","Rasmussen-1",39,50,2008-05-15
"NE","SurveyUSA-3",42,45,2008-02-27
"NE","Election 2004-1",32,67,2008-01-01
"NV","Zogby-4",51,43,2008-10-31
"NV","Mason-Dixon-2",47,43,2008-10-28
"NV","Rasmussen-1",50,46,2008-10-27
"NV","Research 2000-4",50,45,2008-10-26
"NV","Suffolk U.-1",50,40,2008-10-26
"NV","Opinion Research-6",52,45,2008-10-25
"NV","Zogby-4",48,44,2008-10-24
"NV","GfK Roper-4",52,40,2008-10-24
"NV","Opinion Research-3",51,46,2008-10-20
"NV","Insider Advantage-1",47,47,2008-10-19
"NV","Rasmussen-1",50,45,2008-10-16
"NV","Insider Advantage-1",49,46,2008-10-13
"NV","Mason-Dixon-2",47,45,2008-10-08
"NV","Insider Advantage-1",49,47,2008-10-06
"NV","Research 2000-4",50,43,2008-10-04
"NV","Rasmussen-1",51,47,2008-10-02
"NV","Insider Advantage-1",48,47,2008-09-30
"NV","Opinion Research-3",51,47,2008-09-29
"NV","ARG-3",47,49,2008-09-28
"NV","Suffolk U.-5",45,46,2008-09-19
"NV","ARG-3",46,49,2008-09-13
"NV","Rasmussen-1",46,49,2008-09-11
"NV","Insider Advantage-2",45,46,2008-09-09
"NV","Opinion Research-3",49,44,2008-08-25
"NV","Research 2000-3",44,43,2008-08-19
"NV","Mason-Dixon-3",39,46,2008-08-14
"NV","Rasmussen-1",42,45,2008-08-11
"NV","Rasmussen-1",42,40,2008-07-16
"NV","Rasmussen-1",42,45,2008-06-18
"NV","Mason-Dixon-3",42,44,2008-06-10
"NV","Rasmussen-1",40,46,2008-05-20
"NV","Rasmussen-1",43,48,2008-04-21
"NV","Rasmussen-1",45,41,2008-03-19
"NV","SurveyUSA-3",46,41,2008-02-27
"NV","Rasmussen-1",50,38,2008-02-12
"NV","Election 2004-1",48,51,2008-01-01
"NH","Rasmussen-1",50,46,2008-10-30
"NH","SurveyUSA-2",53,42,2008-10-29
"NH","Research 2000-3",51,44,2008-10-29
"NH","U. of New Hampshire-3",53,39,2008-10-29
"NH","ARG-3",56,41,2008-10-29
"NH","Suffolk U.-3",53,40,2008-10-28
"NH","U. of New Hampshire-3",58,33,2008-10-26
"NH","Mason-Dixon-3",50,39,2008-10-24
"NH","GfK Roper-5",55,37,2008-10-24
"NH","Rasmussen-1",50,46,2008-10-23
"NH","Marist Coll.-2",50,45,2008-10-22
"NH","U. of New Hampshire-5",54,39,2008-10-20
"NH","Research 2000-3",50,43,2008-10-18
"NH","ARG-3",52,43,2008-10-07
"NH","SurveyUSA-2",53,40,2008-10-04
"NH","Opinion Research-4",53,45,2008-10-04
"NH","Rasmussen-1",53,43,2008-10-01
"NH","Saint Anselm Coll.-6",49,37,2008-09-27
"NH","Rasmussen-1",47,49,2008-09-23
"NH","Research 2000-3",48,44,2008-09-23
"NH","Suffolk U.-5",46,45,2008-09-22
"NH","Financial Dynamics-5",44,43,2008-09-20
"NH","Marist Coll.-5",51,45,2008-09-19
"NH","U. of New Hampshire-8",45,47,2008-09-17
"NH","ARG-3",45,48,2008-09-14
"NH","Opinion Research-3",51,45,2008-09-08
"NH","Rasmussen-1",43,42,2008-08-19
"NH","ARG-3",46,45,2008-08-19
"NH","Rasmussen-1",47,41,2008-07-23
"NH","ARG-3",47,45,2008-07-20
"NH","U. of New Hampshire-10",46,43,2008-07-15
"NH","Rasmussen-1",50,39,2008-06-18
"NH","ARG-5",51,39,2008-06-15
"NH","Rasmussen-1",48,43,2008-05-21
"NH","Rasmussen-1",41,51,2008-04-30
"NH","Dartmouth Coll.-5",39,42,2008-04-30
"NH","U. of New Hampshire-6",43,49,2008-04-27
"NH","Rasmussen-1",43,46,2008-03-16
"NH","SurveyUSA-3",46,44,2008-02-27
"NH","Rasmussen-1",49,36,2008-02-11
"NH","Election 2004-1",50,49,2008-01-01
"NJ","SurveyUSA-2",52,42,2008-10-29
"NJ","Research 2000-3",54,38,2008-10-27
"NJ","Monmouth U.-7",55,34,2008-10-27
"NJ","Fairleigh Dickinson U.-7",53,35,2008-10-26
"NJ","Marist Coll.-2",56,39,2008-10-20
"NJ","Quinnipiac U.-4",59,36,2008-10-17
"NJ","Monmouth U.-4",55,38,2008-10-16
"NJ","SurveyUSA-2",55,40,2008-10-11
"NJ","Rasmussen-1",50,42,2008-10-07
"NJ","Fairleigh Dickinson U.-7",50,37,2008-10-02
"NJ","SurveyUSA-2",52,42,2008-09-27
"NJ","ARG-3",51,42,2008-09-20
"NJ","Rasmussen-1",55,42,2008-09-16
"NJ","Monmouth U.-4",49,41,2008-09-12
"NJ","Quinnipiac U.-5",48,45,2008-09-12
"NJ","Research 2000-3",50,41,2008-09-10
"NJ","Marist Coll.-4",48,45,2008-09-06
"NJ","Fairleigh Dickinson U.-4",47,41,2008-09-05
"NJ","Quinnipiac U.-7",51,41,2008-08-07
"NJ","Rasmussen-1",48,40,2008-08-04
"NJ","Monmouth U.-5",50,36,2008-07-19
"NJ","Rasmussen-31",44,39,2008-06-22
"NJ","Fairleigh Dickinson U.-7",49,33,2008-06-20
"NJ","Quinnipiac U.-4",45,39,2008-06-06
"NJ","Rasmussen-1",48,39,2008-06-04
"NJ","Research 2000-5",48,40,2008-04-27
"NJ","Monmouth U.-5",56,32,2008-04-26
"NJ","Rasmussen-1",45,46,2008-03-27
"NJ","Fairleigh Dickinson U.-7",47,42,2008-03-27
"NJ","Rasmussen-1",43,45,2008-02-27
"NJ","SurveyUSA-3",43,43,2008-02-27
"NJ","Fairleigh Dickinson U.-7",43,38,2008-02-21
"NJ","Quinnipiac U.-6",46,39,2008-02-15
"NJ","Election 2004-1",53,47,2008-01-01
"NM","SurveyUSA-3",52,45,2008-10-30
"NM","Research and Polling-3",51,43,2008-10-29
"NM","Rasmussen-1",54,44,2008-10-28
"NM","Rasmussen-1",55,42,2008-10-13
"NM","SurveyUSA-2",52,45,2008-10-12
"NM","Rasmussen-1",49,44,2008-10-01
"NM","Research and Polling-4",45,40,2008-09-30
"NM","SurveyUSA-2",52,44,2008-09-29
"NM","ARG-3",51,44,2008-09-15
"NM","SurveyUSA-3",52,44,2008-09-15
"NM","Financial Dynamics-5",49,42,2008-09-13
"NM","Rasmussen-1",47,49,2008-09-08
"NM","Opinion Research-3",53,40,2008-08-25
"NM","Rasmussen-1",47,41,2008-08-20
"NM","Mason-Dixon-3",41,45,2008-08-14
"NM","Rasmussen-1",46,41,2008-07-24
"NM","Rasmussen-1",47,39,2008-06-18
"NM","SurveyUSA-3",49,46,2008-06-18
"NM","SurveyUSA-3",44,44,2008-05-17
"NM","Rasmussen-1",50,41,2008-05-14
"NM","SurveyUSA-3",44,50,2008-04-12
"NM","Rasmussen-1",45,42,2008-04-08
"NM","SurveyUSA-3",51,45,2008-03-15
"NM","SurveyUSA-3",50,43,2008-02-27
"NM","Rasmussen-2",44,44,2008-02-17
"NM","SurveyUSA-3",55,40,2008-02-16
"NM","SurveyUSA-2",41,50,2008-01-20
"NM","Election 2004-1",49,50,2008-01-01
"NY","SurveyUSA-2",62,33,2008-10-27
"NY","Marist Coll.-2",65,29,2008-10-21
"NY","Siena Coll.-3",62,31,2008-10-20
"NY","Rasmussen-1",57,37,2008-10-14
"NY","SurveyUSA-2",64,31,2008-10-11
"NY","Siena Coll.-3",58,36,2008-09-29
"NY","SurveyUSA-2",57,38,2008-09-23
"NY","Rasmussen-1",55,42,2008-09-15
"NY","ARG-3",55,38,2008-09-15
"NY","Siena Coll.-3",46,41,2008-09-09
"NY","Siena Coll.-4",47,39,2008-08-12
"NY","Rasmussen-1",52,32,2008-08-04
"NY","Quinnipiac U.-5",57,36,2008-08-02
"NY","Siena Coll.-13",44,26,2008-07-23
"NY","Siena Coll.-4",50,37,2008-07-08
"NY","Rasmussen-1",60,29,2008-06-30
"NY","SurveyUSA-3",57,37,2008-06-26
"NY","Siena Coll.-3",51,33,2008-06-10
"NY","NY Times-6",51,32,2008-06-08
"NY","Quinnipiac U.-6",50,36,2008-06-05
"NY","Rasmussen-1",52,33,2008-05-28
"NY","SurveyUSA-3",48,38,2008-05-17
"NY","SurveyUSA-2",48,38,2008-05-16
"NY","Siena Coll.-3",49,38,2008-05-13
"NY","Rasmussen-1",52,35,2008-05-01
"NY","Quinnipiac U.-2",47,39,2008-04-14
"NY","Siena Coll.-4",45,40,2008-04-14
"NY","SurveyUSA-3",52,43,2008-04-12
"NY","Marist Coll.-6",46,48,2008-04-05
"NY","Quinnipiac U.-3",49,38,2008-03-17
"NY","SurveyUSA-3",52,44,2008-03-15
"NY","Rasmussen-1",51,38,2008-03-11
"NY","SurveyUSA-3",52,38,2008-02-27
"NY","SurveyUSA-3",57,36,2008-02-16
"NY","Siena Coll.-4",47,40,2008-02-12
"NY","SurveyUSA-2",49,43,2008-01-20
"NY","Siena Coll.-4",44,42,2008-01-15
"NY","Election 2004-1",58,41,2008-01-01
"NC","Zogby-4",48,49,2008-10-31
"NC","Mason-Dixon-2",46,49,2008-10-29
"NC","Insider Advantage-1",48,48,2008-10-29
"NC","Rasmussen-1",50,48,2008-10-29
"NC","Research 2000-3",47,45,2008-10-29
"NC","Elon U.-4",45,38,2008-10-28
"NC","Rasmussen-1",48,49,2008-10-26
"NC","Opinion Research-6",52,46,2008-10-25
"NC","Financial Dynamics-5",47,43,2008-10-25
"NC","Zogby-4",50,46,2008-10-24
"NC","GfK Roper-5",48,46,2008-10-24
"NC","Rasmussen-1",48,50,2008-10-23
"NC","Mason-Dixon-3",47,47,2008-10-23
"NC","Marshall Marketing-2",48,46,2008-10-20
"NC","Opinion Research-3",51,47,2008-10-20
"NC","Insider Advantage-1",49,48,2008-10-19
"NC","Rasmussen-1",51,48,2008-10-19
"NC","SurveyUSA-3",47,47,2008-10-19
"NC","Research 2000-2",46,44,2008-10-14
"NC","Insider Advantage-1",48,46,2008-10-13
"NC","Rasmussen-1",48,48,2008-10-12
"NC","Winthrop U.-22",45,44,2008-10-08
"NC","Rasmussen-1",49,48,2008-10-08
"NC","Marshall Marketing-2",46,48,2008-10-06
"NC","SurveyUSA-2",46,49,2008-10-05
"NC","Opinion Research-4",49,49,2008-10-04
"NC","Rasmussen-1",50,47,2008-09-30
"NC","ARG-3",46,49,2008-09-28
"NC","Rasmussen-1",49,47,2008-09-23
"NC","Rasmussen-1",47,50,2008-09-18
"NC","Elon U.-4",35,41,2008-09-16
"NC","Opinion Research-3",47,48,2008-09-15
"NC","ARG-4",41,52,2008-09-14
"NC","Research 2000-3",38,55,2008-09-09
"NC","SurveyUSA-3",38,58,2008-09-07
"NC","Insider Advantage-1",43,45,2008-08-19
"NC","Rasmussen-1",42,46,2008-08-13
"NC","SurveyUSA-3",45,49,2008-08-10
"NC","Rasmussen-1",42,45,2008-07-15
"NC","SurveyUSA-3",45,50,2008-07-13
"NC","Rasmussen-1",43,45,2008-06-10
"NC","SurveyUSA-3",43,51,2008-05-18
"NC","Rasmussen-1",45,48,2008-05-08
"NC","Research 2000-3",41,50,2008-04-29
"NC","Rasmussen-1",47,47,2008-04-10
"NC","Tel Opinion Research-2",39,48,2008-04-09
"NC","Rasmussen-1",42,51,2008-03-20
"NC","SurveyUSA-3",45,47,2008-02-27
"NC","Election 2004-1",44,56,2008-01-01
"ND","Research 2000-2",46,47,2008-10-28
"ND","Research 2000-2",45,45,2008-10-14
"ND","Minnesota State U.-3",45,43,2008-10-07
"ND","Research 2000-2",40,53,2008-09-16
"ND","ARG-3",43,52,2008-09-16
"ND","Rasmussen-1",41,55,2008-09-08
"ND","DFM Research-5",43,40,2008-08-25
"ND","Research 2000-3",42,45,2008-07-22
"ND","Rasmussen-1",43,43,2008-07-08
"ND","Dakota Wesleyan U.-11",38,44,2008-03-29
"ND","SurveyUSA-3",46,42,2008-02-27
"ND","Election 2004-1",36,63,2008-01-01
"OH","Zogby-4",50,44,2008-10-31
"OH","Mason-Dixon-2",45,47,2008-10-29
"OH","SurveyUSA-2",49,45,2008-10-26
"OH","Columbus Dispatch-10",52,46,2008-10-26
"OH","Rasmussen-1",49,45,2008-10-26
"OH","LA Times-3",49,40,2008-10-26
"OH","Opinion Research-6",51,47,2008-10-25
"OH","Marist Coll.-3",48,45,2008-10-25
"OH","Financial Dynamics-5",48,41,2008-10-25
"OH","Zogby-4",50,45,2008-10-24
"OH","GfK Roper-5",48,41,2008-10-24
"OH","Quinnipiac U.-5",51,42,2008-10-24
"OH","Insider Advantage-1",52,42,2008-10-22
"OH","U. of Wisconsin-4",53,41,2008-10-20
"OH","Opinion Research-3",50,46,2008-10-20
"OH","U. of Cincinnati-5",49,46,2008-10-20
"OH","Rasmussen-1",47,49,2008-10-19
"OH","Quinnipiac U.-6",52,38,2008-10-18
"OH","Suffolk U.-4",51,42,2008-10-17
"OH","Ohio U.-12",57,41,2008-10-17
"OH","Mason-Dixon-2",45,46,2008-10-16
"OH","Rasmussen-1",49,49,2008-10-14
"OH","SurveyUSA-2",50,45,2008-10-12
"OH","Rasmussen-1",49,47,2008-10-12
"OH","Insider Advantage-1",49,44,2008-10-09
"OH","Marist Coll.-4",49,45,2008-10-06
"OH","U. of Cincinnati-5",46,48,2008-10-06
"OH","ARG-4",48,45,2008-10-05
"OH","Rasmussen-1",47,48,2008-10-05
"OH","Opinion Research-4",50,47,2008-10-04
"OH","U. of Akron-22",45,41,2008-10-04
"OH","ABC News-3",51,45,2008-10-04
"OH","Washington Post-3",51,45,2008-10-04
"OH","Insider Advantage-1",47,45,2008-09-29
"OH","SurveyUSA-2",48,49,2008-09-28
"OH","Columbus Dispatch-10",49,42,2008-09-28
"OH","Rasmussen-1",47,48,2008-09-28
"OH","Quinnipiac U.-3",50,42,2008-09-28
"OH","Rasmussen-1",46,47,2008-09-23
"OH","Insider Advantage-1",46,46,2008-09-22
"OH","Rasmussen-1",46,50,2008-09-21
"OH","U. of Wisconsin-4",46,45,2008-09-15
"OH","Opinion Research-3",49,47,2008-09-15
"OH","Rasmussen-1",45,48,2008-09-14
"OH","U. of Cincinnati-5",42,48,2008-09-14
"OH","SurveyUSA-3",45,49,2008-09-13
"OH","Financial Dynamics-5",41,42,2008-09-13
"OH","Marist Coll.-5",47,45,2008-09-13
"OH","Suffolk U.-4",42,46,2008-09-11
"OH","ARG-4",44,50,2008-09-11
"OH","Insider Advantage-2",47,48,2008-09-09
"OH","U. of Cincinnati-6",44,48,2008-09-07
"OH","Rasmussen-1",44,51,2008-09-07
"OH","Quinnipiac U.-5",49,44,2008-09-07
"OH","Opinion Research-3",47,45,2008-09-01
"OH","Quinnipiac U.-8",44,43,2008-08-20
"OH","Rasmussen-1",41,45,2008-08-18
"OH","Columbus Dispatch-10",41,42,2008-08-16
"OH","U. of Akron-32",40,40,2008-08-01
"OH","Quinnipiac U.-7",46,44,2008-07-26
"OH","Rasmussen-1",40,46,2008-07-21
"OH","SurveyUSA-3",48,46,2008-06-21
"OH","Rasmussen-1",43,44,2008-06-17
"OH","Quinnipiac U.-8",48,42,2008-06-12
"OH","SurveyUSA-3",48,39,2008-05-17
"OH","Quinnipiac U.-8",40,44,2008-05-16
"OH","Rasmussen-1",44,45,2008-05-14
"OH","Quinnipiac U.-7",42,43,2008-04-26
"OH","SurveyUSA-3",45,47,2008-04-12
"OH","Rasmussen-1",40,47,2008-04-08
"OH","Quinnipiac U.-8",43,42,2008-03-27
"OH","SurveyUSA-3",43,50,2008-03-15
"OH","Rasmussen-1",40,46,2008-03-13
"OH","SurveyUSA-3",50,40,2008-02-27
"OH","U. of Cincinnati-4",48,47,2008-02-22
"OH","Rasmussen-1",41,42,2008-02-17
"OH","SurveyUSA-3",47,44,2008-02-16
"OH","Quinnipiac U.-7",40,42,2008-02-09
"OH","SurveyUSA-3",43,50,2008-01-05
"OH","Election 2004-1",49,51,2008-01-01
"OK","SurveyUSA-2",34,63,2008-10-28
"OK","SurveyUSA-2",35,59,2008-10-18
"OK","TV Poll-3",32,63,2008-10-11
"OK","TV Poll-2",29,66,2008-10-04
"OK","SurveyUSA-2",34,64,2008-09-28
"OK","Research 2000-2",36,59,2008-09-16
"OK","ARG-4",34,61,2008-09-16
"OK","Rasmussen-1",32,63,2008-09-11
"OK","SurveyUSA-3",32,65,2008-09-06
"OK","Sooner Poll-5",24,56,2008-07-21
"OK","Research 2000-3",38,52,2008-06-10
"OK","SurveyUSA-3",34,57,2008-02-27
"OK","Election 2004-1",34,66,2008-01-01
"OR","Rasmussen-1",54,42,2008-10-30
"OR","SurveyUSA-2",57,38,2008-10-29
"OR","Research 2000-3",55,39,2008-10-28
"OR","SurveyUSA-2",57,38,2008-10-25
"OR","Northern Arizona U.-10",49,41,2008-10-22
"OR","Riley Research-11",48,34,2008-10-15
"OR","Research 2000-2",53,38,2008-10-14
"OR","Rasmussen-1",54,41,2008-10-14
"OR","SurveyUSA-2",57,40,2008-10-11
"OR","Rasmussen-1",54,43,2008-10-09
"OR","Research 2000-3",53,39,2008-09-23
"OR","SurveyUSA-2",52,41,2008-09-22
"OR","ARG-4",52,41,2008-09-20
"OR","Rasmussen-1",51,47,2008-09-15
"OR","Davis Hibbitts Midghall-4",50,40,2008-09-12
"OR","Rasmussen-1",47,37,2008-08-07
"OR","SurveyUSA-3",48,45,2008-08-03
"OR","Rasmussen-1",46,37,2008-07-16
"OR","SurveyUSA-3",48,45,2008-06-18
"OR","Rasmussen-1",46,38,2008-06-11
"OR","SurveyUSA-3",49,39,2008-05-17
"OR","Rasmussen-1",52,38,2008-05-07
"OR","SurveyUSA-3",51,42,2008-04-12
"OR","Rasmussen-1",48,42,2008-03-26
"OR","SurveyUSA-3",50,41,2008-03-15
"OR","SurveyUSA-3",49,41,2008-02-27
"OR","SurveyUSA-3",48,47,2008-02-16
"OR","Rasmussen-1",49,40,2008-02-13
"OR","Riley Res.-12",46,38,2008-02-12
"OR","SurveyUSA-3",47,47,2008-01-12
"OR","Election 2004-1",52,48,2008-01-01
"PA","Rasmussen-1",52,46,2008-11-01
"PA","Zogby-4",54,40,2008-10-31
"PA","Rasmussen-1",51,47,2008-10-30
"PA","SurveyUSA-3",51,44,2008-10-30
"PA","ARG-3",51,45,2008-10-30
"PA","Muhlenberg Coll.-5",52,45,2008-10-30
"PA","Mason-Dixon-2",47,43,2008-10-27
"PA","Rasmussen-1",53,46,2008-10-27
"PA","Marist Coll.-2",55,41,2008-10-26
"PA","Insider Advantage-1",51,42,2008-10-26
"PA","Opinion Research-6",55,43,2008-10-25
"PA","Muhlenberg Coll.-5",53,41,2008-10-25
"PA","GfK Roper-5",52,40,2008-10-24
"PA","Siena Coll.-5",53,40,2008-10-24
"PA","Quinnipiac U.-5",53,41,2008-10-24
"PA","Franklin+Marshall Coll.-6",53,40,2008-10-23
"PA","Temple U.-7",50,41,2008-10-23
"PA","SurveyUSA-2",53,41,2008-10-21
"PA","U. of Wisconsin-4",52,41,2008-10-20
"PA","Muhlenberg Coll.-5",52,42,2008-10-20
"PA","Quinnipiac U.-6",53,40,2008-10-18
"PA","Financial Dynamics-5",51,41,2008-10-18
"PA","Susquehanna Polling-4",48,40,2008-10-17
"PA","Muhlenberg Coll.-5",52,39,2008-10-15
"PA","SurveyUSA-3",55,40,2008-10-12
"PA","Muhlenberg Coll.-5",51,38,2008-10-10
"PA","Muhlenberg Coll.-5",50,39,2008-10-07
"PA","Marist Coll.-4",53,41,2008-10-06
"PA","Rasmussen-1",54,41,2008-10-06
"PA","SurveyUSA-2",55,40,2008-10-05
"PA","West Chester U.-4",52,42,2008-10-04
"PA","Muhlenberg Coll.-5",50,40,2008-10-02
"PA","Rasmussen-1",50,42,2008-09-28
"PA","Quinnipiac U.-3",54,39,2008-09-28
"PA","Muhlenberg Coll.-5",49,41,2008-09-27
"PA","Franklin+Marshall Coll.-6",48,43,2008-09-25
"PA","Rasmussen-1",49,45,2008-09-24
"PA","SurveyUSA-2",50,44,2008-09-23
"PA","Muhlenberg Coll.-5",47,43,2008-09-23
"PA","Opinion Research-3",53,44,2008-09-22
"PA","Rasmussen-1",48,45,2008-09-21
"PA","ARG-3",50,46,2008-09-21
"PA","Financial Dynamics-5",43,41,2008-09-20
"PA","Mason-Dixon-3",46,44,2008-09-17
"PA","U. of Wisconsin-4",45,45,2008-09-15
"PA","Rasmussen-1",47,47,2008-09-14
"PA","Marist Coll.-5",49,44,2008-09-13
"PA","Rasmussen-1",47,45,2008-09-07
"PA","Quinnipiac U.-5",48,45,2008-09-07
"PA","Opinion Research-3",48,43,2008-08-25
"PA","Quinnipiac U.-8",49,42,2008-08-20
"PA","Rasmussen-1",45,40,2008-08-19
"PA","Susquehanna Polling-4",46,41,2008-08-12
"PA","Franklin+Marshall Coll.-7",46,41,2008-08-07
"PA","Quinnipiac U.-7",49,42,2008-07-26
"PA","Rasmussen-1",47,42,2008-07-23
"PA","Rasmussen-1",46,42,2008-06-22
"PA","Quinnipiac U.-8",52,40,2008-06-12
"PA","Rasmussen-1",45,43,2008-05-21
"PA","SurveyUSA-3",48,40,2008-05-17
"PA","Quinnipiac U.-8",46,40,2008-05-16
"PA","Susquehanna Polling-6",46,39,2008-05-03
"PA","Quinnipiac U.-7",47,38,2008-04-26
"PA","Rasmussen-1",43,44,2008-04-24
"PA","Rasmussen-1",47,39,2008-04-09
"PA","Temple U.-14",47,40,2008-04-02
"PA","Quinnipiac U.-8",43,39,2008-03-27
"PA","Rasmussen-1",43,44,2008-03-10
"PA","Susquehanna Polling-6",41,45,2008-03-07
"PA","SurveyUSA-3",42,47,2008-02-27
"PA","Franklin+Marshall Coll.-6",43,44,2008-02-15
"PA","Rasmussen-1",49,39,2008-02-14
"PA","Muhlenberg Coll.-9",39,42,2008-02-13
"PA","Quinnipiac U.-7",42,41,2008-02-09
"PA","Rasmussen-1",38,46,2008-01-08
"PA","Election 2004-1",51,49,2008-01-01
"RI","Opinion Factor-2",48,26,2008-09-30
"RI","Brown U.-2",47,34,2008-09-15
"RI","Rasmussen-1",58,39,2008-09-13
"RI","ARG-3",59,33,2008-09-12
"RI","Brown U.-3",51,30,2008-08-19
"RI","Rasmussen-1",55,31,2008-06-30
"RI","Rhode Island Coll.-10",53,25,2008-06-22
"RI","SurveyUSA-3",53,38,2008-02-27
"RI","Election 2004-1",60,39,2008-01-01
"SC","SurveyUSA-2",44,52,2008-10-28
"SC","Princeton Survey-4",42,53,2008-10-26
"SC","Rasmussen-1",43,54,2008-10-20
"SC","SurveyUSA-2",41,55,2008-10-12
"SC","Winthrop U.-22",35,55,2008-10-08
"SC","Research 2000-3",39,54,2008-09-23
"SC","SurveyUSA-2",39,58,2008-09-21
"SC","Rasmussen-1",45,51,2008-09-18
"SC","ARG-4",37,59,2008-09-15
"SC","Research 2000-2",40,53,2008-07-22
"SC","Rasmussen-1",39,48,2008-06-05
"SC","SurveyUSA-3",45,48,2008-02-27
"SC","Election 2004-1",41,58,2008-01-01
"SD","Rasmussen-1",44,53,2008-10-30
"SD","Research 2000-3",41,50,2008-10-23
"SD","Mason-Dixon-3",41,48,2008-10-14
"SD","ARG-3",39,55,2008-09-20
"SD","Rasmussen-1",37,54,2008-09-09
"SD","Rasmussen-1",43,47,2008-07-09
"SD","Dakota Wesleyan U.-11",34,51,2008-03-29
"SD","Rasmussen-1",38,48,2008-03-04
"SD","SurveyUSA-3",43,47,2008-02-27
"SD","Election 2004-1",38,60,2008-01-01
"TN","Research 2000-2",38,54,2008-10-21
"TN","Rasmussen-1",42,54,2008-10-16
"TN","Rasmussen-1",39,58,2008-09-29
"TN","Mason-Dixon-3",39,55,2008-09-23
"TN","Middle Tenn. State U.-13",35,55,2008-09-21
"TN","Middle Tenn. State U.-13",36,48,2008-09-21
"TN","ARG-4",36,59,2008-09-17
"TN","Rasmussen-1",32,56,2008-08-20
"TN","Rasmussen-1",36,51,2008-06-24
"TN","Rasmussen-1",31,58,2008-04-03
"TN","SurveyUSA-3",38,54,2008-02-27
"TN","Middle Tenn. State U.-13",36,50,2008-02-17
"TN","Election 2004-1",43,57,2008-01-01
"TX","Rasmussen-1",44,54,2008-10-21
"TX","U. of Texas-8",40,51,2008-10-18
"TX","Research 2000-2",40,52,2008-10-14
"TX","ARG-4",38,57,2008-10-06
"TX","Rasmussen-1",43,52,2008-09-29
"TX","ARG-4",36,57,2008-09-14
"TX","Rasmussen-1",41,50,2008-08-21
"TX","Rasmussen-1",41,50,2008-07-30
"TX","U. of Texas-13",33,43,2008-07-24
"TX","Rasmussen-1",39,48,2008-06-25
"TX","Texas Lyceum-9",38,43,2008-06-16
"TX","Rasmussen-1",39,52,2008-06-02
"TX","Research 2000-3",39,52,2008-05-06
"TX","Rasmussen-1",43,48,2008-05-01
"TX","SurveyUSA-3",46,47,2008-02-27
"TX","SurveyUSA-3",41,49,2008-02-24
"TX","Opinion Res.-4",44,52,2008-02-15
"TX","Election 2004-1",38,61,2008-01-01
"UT","Dan Jones-7",32,57,2008-10-27
"UT","Mason-Dixon-3",32,55,2008-10-24
"UT","ARG-4",29,65,2008-09-11
"UT","Rasmussen-1",32,64,2008-09-10
"UT","Dan Jones-4",24,62,2008-09-09
"UT","Mason-Dixon-3",23,62,2008-08-14
"UT","Rasmussen-1",33,52,2008-06-19
"UT","Dan Jones-4",29,57,2008-06-17
"UT","Dan Jones-7",27,62,2008-05-16
"UT","SurveyUSA-3",39,50,2008-02-27
"UT","Election 2004-1",26,71,2008-01-01
"VT","Research 2000-3",57,36,2008-10-25
"VT","Rasmussen-1",60,36,2008-10-09
"VT","ARG-5",56,38,2008-09-20
"VT","Rasmussen-1",60,36,2008-09-13
"VT","Research 2000-4",55,36,2008-09-12
"VT","SurveyUSA-3",63,29,2008-02-27
"VT","Research 2000-3",57,36,2008-02-20
"VT","Election 2004-1",59,39,2008-01-01
"VA","Zogby-4",51,45,2008-10-31
"VA","SurveyUSA-3",50,46,2008-10-31
"VA","Mason-Dixon-2",47,44,2008-10-29
"VA","Marist Coll.-2",51,47,2008-10-26
"VA","Rasmussen-1",51,47,2008-10-26
"VA","SurveyUSA-2",52,43,2008-10-25
"VA","Opinion Research-6",53,44,2008-10-25
"VA","Financial Dynamics-5",48,44,2008-10-25
"VA","Zogby-4",52,45,2008-10-24
"VA","GfK Roper-5",49,42,2008-10-24
"VA","Washington Post-4",52,44,2008-10-23
"VA","Roanoke Coll.-8",48,39,2008-10-22
"VA","Virg. Commonwealth U.-3",51,40,2008-10-21
"VA","Mason-Dixon-2",47,45,2008-10-20
"VA","Opinion Research-3",54,44,2008-10-20
"VA","SurveyUSA-2",51,45,2008-10-18
"VA","Rasmussen-1",54,44,2008-10-16
"VA","Christopher Newport U.-4",49,43,2008-10-12
"VA","Opinion Research-4",53,43,2008-10-12
"VA","Rasmussen-1",50,47,2008-10-12
"VA","Winthrop U.-22",45,44,2008-10-08
"VA","Rasmussen-1",50,48,2008-10-05
"VA","SurveyUSA-2",53,43,2008-10-04
"VA","Suffolk U.-3",51,39,2008-10-04
"VA","Mason-Dixon-3",45,48,2008-09-30
"VA","Insider Advantage-1",51,45,2008-09-29
"VA","Opinion Research-3",53,44,2008-09-29
"VA","Rasmussen-1",50,47,2008-09-28
"VA","ARG-3",46,49,2008-09-28
"VA","Rasmussen-1",50,45,2008-09-25
"VA","Rasmussen-1",48,50,2008-09-21
"VA","SurveyUSA-3",51,45,2008-09-20
"VA","ABC News-4",49,46,2008-09-19
"VA","Washington Post-4",49,46,2008-09-19
"VA","Mason-Dixon-6",44,47,2008-09-19
"VA","ARG-4",46,48,2008-09-18
"VA","Insider Advantage-1",46,48,2008-09-17
"VA","Rasmussen-1",48,48,2008-09-14
"VA","SurveyUSA-3",50,46,2008-09-13
"VA","Financial Dynamics-5",41,48,2008-09-13
"VA","Christopher Newport U.-5",39,48,2008-09-12
"VA","Opinion Research-3",46,50,2008-09-08
"VA","Rasmussen-1",47,49,2008-09-07
"VA","SurveyUSA-3",47,49,2008-09-06
"VA","Insider Advantage-1",43,43,2008-08-12
"VA","Rasmussen-1",46,45,2008-08-12
"VA","SurveyUSA-3",47,48,2008-08-09
"VA","Rasmussen-1",44,44,2008-07-16
"VA","SurveyUSA-3",49,47,2008-06-21
"VA","Rasmussen-1",45,44,2008-06-12
"VA","SurveyUSA-3",49,42,2008-05-17
"VA","Virg. Commonwealth U.-7",36,44,2008-05-15
"VA","Rasmussen-1",44,47,2008-05-08
"VA","SurveyUSA-3",44,52,2008-04-12
"VA","Rasmussen-1",41,52,2008-03-27
"VA","SurveyUSA-3",48,47,2008-03-15
"VA","SurveyUSA-3",47,47,2008-02-27
"VA","Rasmussen-1",44,49,2008-02-19
"VA","SurveyUSA-3",51,45,2008-02-16
"VA","SurveyUSA-2",40,52,2008-01-16
"VA","Election 2004-1",45,54,2008-01-01
"WA","U. of Washington-5",51,39,2008-10-29
"WA","SurveyUSA-2",56,39,2008-10-26
"WA","Rasmussen-1",54,43,2008-10-22
"WA","U. of Washington-9",55,34,2008-10-22
"WA","Elway Poll-4",55,36,2008-10-17
"WA","SurveyUSA-2",56,40,2008-10-12
"WA","Rasmussen-1",53,43,2008-10-02
"WA","SurveyUSA-2",54,43,2008-09-21
"WA","ARG-3",50,44,2008-09-17
"WA","Rasmussen-1",49,47,2008-09-10
"WA","Elway Poll-3",45,39,2008-09-07
"WA","SurveyUSA-3",49,45,2008-09-06
"WA","SurveyUSA-2",51,44,2008-08-11
"WA","Rasmussen-1",52,40,2008-08-06
"WA","Elway Poll-10",47,35,2008-07-26
"WA","SurveyUSA-3",55,39,2008-07-14
"WA","Rasmussen-1",51,43,2008-07-09
"WA","SurveyUSA-3",55,40,2008-06-18
"WA","Rasmussen-1",53,35,2008-06-09
"WA","SurveyUSA-3",56,39,2008-06-08
"WA","Elway Poll-5",44,38,2008-05-23
"WA","SurveyUSA-3",52,36,2008-05-17
"WA","Rasmussen-1",51,40,2008-05-12
"WA","SurveyUSA-1",54,42,2008-05-12
"WA","SurveyUSA-3",53,40,2008-04-15
"WA","SurveyUSA-1",51,44,2008-04-07
"WA","Rasmussen-1",48,43,2008-03-27
"WA","Elway Poll-3",45,39,2008-03-19
"WA","SurveyUSA-3",52,41,2008-03-15
"WA","Rasmussen-1",44,45,2008-02-28
"WA","SurveyUSA-3",52,38,2008-02-27
"WA","SurveyUSA-2",55,38,2008-02-03
"WA","SurveyUSA-3",52,43,2008-01-12
"WA","Election 2004-1",53,46,2008-01-01
"WV","Zogby-4",40,50,2008-10-24
"WV","Research 2000-3",43,49,2008-10-23
"WV","West Virginia Wesleyan U.-2",44,49,2008-10-20
"WV","Rasmussen-1",43,52,2008-10-20
"WV","Opinion Research-3",44,53,2008-10-20
"WV","Mason-Dixon-2",41,47,2008-10-16
"WV","Insider Advantage-1",47,49,2008-10-13
"WV","ARG-5",50,42,2008-10-06
"WV","Rasmussen-1",42,50,2008-09-24
"WV","Opinion Research-3",46,50,2008-09-22
"WV","ARG-3",45,49,2008-09-15
"WV","Mark Blankenship-4",39,44,2008-09-06
"WV","Rasmussen-1",37,45,2008-06-02
"WV","SurveyUSA-3",35,53,2008-02-27
"WV","Election 2004-1",43,56,2008-01-01
"WI","SurveyUSA-2",55,39,2008-10-28
"WI","Research 2000-2",53,42,2008-10-27
"WI","U. of Wisconsin-8",52,42,2008-10-24
"WI","U. of Wisconsin-8",54,38,2008-10-24
"WI","Rasmussen-1",51,44,2008-10-23
"WI","Research 2000-2",52,41,2008-10-20
"WI","U. of Wisconsin-4",53,40,2008-10-20
"WI","SurveyUSA-2",51,43,2008-10-18
"WI","Financial Dynamics-5",53,40,2008-10-18
"WI","Mason-Dixon-2",51,39,2008-10-16
"WI","St. Norbert Coll.-9",51,38,2008-10-13
"WI","U. of Wisconsin-8",51,36,2008-10-11
"WI","Quinnipiac U.-5",54,37,2008-10-10
"WI","Rasmussen-1",54,44,2008-10-06
"WI","Research 2000-2",51,41,2008-10-05
"WI","SurveyUSA-2",52,42,2008-10-05
"WI","Opinion Research-4",51,46,2008-10-04
"WI","Research 2000-2",49,43,2008-09-22
"WI","ARG-4",50,45,2008-09-19
"WI","Quinnipiac U.-8",49,42,2008-09-17
"WI","U. of Wisconsin-4",45,44,2008-09-15
"WI","Rasmussen-1",48,46,2008-09-15
"WI","Opinion Research-3",49,45,2008-09-15
"WI","Opinion Research-3",50,47,2008-09-15
"WI","Rasmussen-1",47,43,2008-08-05
"WI","Wisconsin Policy Res. Inst.-2",44,38,2008-08-03
"WI","Quinnipiac U.-9",50,39,2008-07-18
"WI","Rasmussen-1",50,39,2008-07-08
"WI","Quinnipiac U.-8",52,39,2008-06-20
"WI","SurveyUSA-4",52,43,2008-06-14
"WI","U. of Wisconsin-3",50,37,2008-06-09
"WI","Rasmussen-1",45,43,2008-06-05
"WI","SurveyUSA-3",48,42,2008-05-17
"WI","Rasmussen-1",43,47,2008-05-05
"WI","U. of Wisconsin-10",47,43,2008-04-19
"WI","SurveyUSA-3",49,44,2008-04-12
"WI","St. Norbert Coll.-12",46,42,2008-03-30
"WI","Rasmussen-1",46,48,2008-03-26
"WI","SurveyUSA-3",48,44,2008-03-15
"WI","SurveyUSA-3",51,40,2008-02-27
"WI","Rasmussen-1",44,43,2008-02-21
"WI","SurveyUSA-3",52,42,2008-02-16
"WI","Election 2004-1",50,49,2008-01-01
"WY","Research 2000-3",36,61,2008-10-28
"WY","SurveyUSA-2",37,58,2008-10-18
"WY","Research 2000-3",35,58,2008-10-15
"WY","Mason-Dixon-2",32,58,2008-10-13
"WY","Research 2000-3",36,57,2008-09-23
"WY","Rasmussen-1",39,58,2008-09-10
"WY","ARG-3",28,66,2008-09-10
"WY","Mason-Dixon-3",25,62,2008-08-14
"WY","Research 2000-2",40,53,2008-05-20
"WY","SurveyUSA-3",35,54,2008-02-27
"WY","Election 2004-1",29,69,2008-01-01
